id,sku,oem,nombre,descripcion,categoria_id,marca_repuesto_id,precio,precio_anterior,stock,garantia_meses,calificacion,numero_opiniones,destacado,ficha_tecnica
p-0001,BRE-A00001,04465-60A00,Pastillas de freno delanteras Toyota Prado,"Juego de 4 pastillas para el eje delantero, con material de baja pulverizacion y menor ruido de frenado.",frenos,brembo,188000,229000,135,12,4.6,318,0,Posicion=Eje delantero|Piezas=4|Sensor de desgaste=Incluido|Aplicacion=Toyota Prado|Referencia OEM=04465-60A00
p-0002,BOS-A00002,D1060-1HA00,Pastillas de freno delanteras Nissan Versa / Nissan March,"Juego de 4 pastillas para el eje delantero, con material de baja pulverizacion y menor ruido de frenado.",frenos,bosch,190000,,46,12,4.9,306,0,Posicion=Eje delantero|Piezas=4|Sensor de desgaste=Incluido|Aplicacion=Nissan Versa / Nissan March|Referencia OEM=D1060-1HA00
p-0003,ACD-A00003,58101-1RA00,Pastillas de freno delanteras Hyundai Accent / Kia Rio,"Juego de 4 pastillas para el eje delantero, con material de baja pulverizacion y menor ruido de frenado.",frenos,acdelco,131000,,20,12,4.7,98,0,Posicion=Eje delantero|Piezas=4|Sensor de desgaste=Incluido|Aplicacion=Hyundai Accent / Kia Rio|Referencia OEM=58101-1RA00
p-0004,TRW-A00004,1848120A00,Pastillas de freno delanteras Ford Fiesta,"Juego de 4 pastillas para el eje delantero, con material de baja pulverizacion y menor ruido de frenado.",frenos,trw,130000,,2,12,4.5,293,0,Posicion=Eje delantero|Piezas=4|Sensor de desgaste=Incluido|Aplicacion=Ford Fiesta|Referencia OEM=1848120A00
p-0005,ACD-A00005,58101-D3A00,Pastillas de freno delanteras Hyundai Tucson / Kia Sportage,"Juego de 4 pastillas para el eje delantero, con material de baja pulverizacion y menor ruido de frenado.",frenos,acdelco,218000,274000,98,12,4.9,138,0,Posicion=Eje delantero|Piezas=4|Sensor de desgaste=Incluido|Aplicacion=Hyundai Tucson / Kia Sportage|Referencia OEM=58101-D3A00
p-0006,TRW-A00006,04465-02A00,Pastillas de freno delanteras Toyota Corolla / Toyota Yaris,"Juego de 4 pastillas para el eje delantero, con material de baja pulverizacion y menor ruido de frenado.",frenos,trw,150000,,90,12,4.7,174,0,Posicion=Eje delantero|Piezas=4|Sensor de desgaste=Incluido|Aplicacion=Toyota Corolla / Toyota Yaris|Referencia OEM=04465-02A00
p-0007,BRE-A00007,1857858A00,Pastillas de freno delanteras Ford Escape,"Juego de 4 pastillas para el eje delantero, con material de baja pulverizacion y menor ruido de frenado.",frenos,brembo,185000,,50,12,4.7,178,0,Posicion=Eje delantero|Piezas=4|Sensor de desgaste=Incluido|Aplicacion=Ford Escape|Referencia OEM=1857858A00
p-0008,ACD-A00008,410601A00,Pastillas de freno delanteras Renault Duster,"Juego de 4 pastillas para el eje delantero, con material de baja pulverizacion y menor ruido de frenado.",frenos,acdelco,262000,,80,12,4.8,90,0,Posicion=Eje delantero|Piezas=4|Sensor de desgaste=Incluido|Aplicacion=Renault Duster|Referencia OEM=410601A00
p-0009,BOS-A00009,20911A00,Pastillas de freno delanteras Chevrolet Captiva,"Juego de 4 pastillas para el eje delantero, con material de baja pulverizacion y menor ruido de frenado.",frenos,bosch,164000,,58,12,4.8,176,0,Posicion=Eje delantero|Piezas=4|Sensor de desgaste=Incluido|Aplicacion=Chevrolet Captiva|Referencia OEM=20911A00
p-0010,BRE-A00010,42707A00,Pastillas de freno delanteras Chevrolet Onix / Chevrolet Tracker,"Juego de 4 pastillas para el eje delantero, con material de baja pulverizacion y menor ruido de frenado.",frenos,brembo,156000,,57,12,4.8,297,0,Posicion=Eje delantero|Piezas=4|Sensor de desgaste=Incluido|Aplicacion=Chevrolet Onix / Chevrolet Tracker|Referencia OEM=42707A00
p-0011,BRE-A00011,410605A00,Pastillas de freno delanteras Renault Logan / Renault Sandero,"Juego de 4 pastillas para el eje delantero, con material de baja pulverizacion y menor ruido de frenado.",frenos,brembo,167000,,107,12,4.4,168,1,Posicion=Eje delantero|Piezas=4|Sensor de desgaste=Incluido|Aplicacion=Renault Logan / Renault Sandero|Referencia OEM=410605A00
p-0012,BRE-A00012,95priorityA00,Pastillas de freno delanteras Chevrolet Spark GT / Chevrolet Sail,"Juego de 4 pastillas para el eje delantero, con material de baja pulverizacion y menor ruido de frenado.",frenos,brembo,231000,,0,12,4.7,67,0,Posicion=Eje delantero|Piezas=4|Sensor de desgaste=Incluido|Aplicacion=Chevrolet Spark GT / Chevrolet Sail|Referencia OEM=95priorityA00
p-0013,BRE-A00013,BHY1-33-28A00,Pastillas de freno delanteras Mazda Mazda 3 / Mazda Mazda 2,"Juego de 4 pastillas para el eje delantero, con material de baja pulverizacion y menor ruido de frenado.",frenos,brembo,263000,,73,12,4.9,90,0,Posicion=Eje delantero|Piezas=4|Sensor de desgaste=Incluido|Aplicacion=Mazda Mazda 3 / Mazda Mazda 2|Referencia OEM=BHY1-33-28A00
p-0014,BRE-A00014,D1060-4EA00,Pastillas de freno delanteras Nissan Qashqai,"Juego de 4 pastillas para el eje delantero, con material de baja pulverizacion y menor ruido de frenado.",frenos,brembo,179000,218000,90,12,4.8,185,0,Posicion=Eje delantero|Piezas=4|Sensor de desgaste=Incluido|Aplicacion=Nissan Qashqai|Referencia OEM=D1060-4EA00
p-0015,BOS-A00015,410609A00,Pastillas de freno delanteras Renault Kwid,"Juego de 4 pastillas para el eje delantero, con material de baja pulverizacion y menor ruido de frenado.",frenos,bosch,172000,,20,12,4.1,208,0,Posicion=Eje delantero|Piezas=4|Sensor de desgaste=Incluido|Aplicacion=Renault Kwid|Referencia OEM=410609A00
p-0016,BOS-A00016,04465-0KA00,Pastillas de freno delanteras Toyota Hilux / Ford Ranger,"Juego de 4 pastillas para el eje delantero, con material de baja pulverizacion y menor ruido de frenado.",frenos,bosch,254000,288000,5,12,4.6,296,0,Posicion=Eje delantero|Piezas=4|Sensor de desgaste=Incluido|Aplicacion=Toyota Hilux / Ford Ranger|Referencia OEM=04465-0KA00
p-0017,BOS-A10017,04465-60A10,Pastillas de freno traseras Toyota Prado,Pastillas traseras con soporte de acero estampado y capa antirruido.,frenos,bosch,172000,,35,12,4.6,159,0,Posicion=Eje trasero|Piezas=4|Aplicacion=Toyota Prado|Referencia OEM=04465-60A10
p-0018,BOS-A10018,D1060-1HA10,Pastillas de freno traseras Nissan Versa / Nissan March,Pastillas traseras con soporte de acero estampado y capa antirruido.,frenos,bosch,135000,,79,12,4.5,224,0,Posicion=Eje trasero|Piezas=4|Aplicacion=Nissan Versa / Nissan March|Referencia OEM=D1060-1HA10
p-0019,TRW-A10019,58101-1RA10,Pastillas de freno traseras Hyundai Accent / Kia Rio,Pastillas traseras con soporte de acero estampado y capa antirruido.,frenos,trw,151000,,95,12,4.1,297,0,Posicion=Eje trasero|Piezas=4|Aplicacion=Hyundai Accent / Kia Rio|Referencia OEM=58101-1RA10
p-0020,BOS-A10020,58101-D3A10,Pastillas de freno traseras Hyundai Tucson / Kia Sportage,Pastillas traseras con soporte de acero estampado y capa antirruido.,frenos,bosch,167000,,18,12,4.2,263,0,Posicion=Eje trasero|Piezas=4|Aplicacion=Hyundai Tucson / Kia Sportage|Referencia OEM=58101-D3A10
p-0021,TRW-A10021,04465-0KA10,Pastillas de freno traseras Toyota Hilux / Ford Ranger,Pastillas traseras con soporte de acero estampado y capa antirruido.,frenos,trw,128000,,136,12,4.2,118,0,Posicion=Eje trasero|Piezas=4|Aplicacion=Toyota Hilux / Ford Ranger|Referencia OEM=04465-0KA10
p-0022,TRW-A10022,04465-02A10,Pastillas de freno traseras Toyota Corolla / Toyota Yaris,Pastillas traseras con soporte de acero estampado y capa antirruido.,frenos,trw,141000,,124,12,4.2,97,1,Posicion=Eje trasero|Piezas=4|Aplicacion=Toyota Corolla / Toyota Yaris|Referencia OEM=04465-02A10
p-0023,ATE-A10023,95priorityA10,Pastillas de freno traseras Chevrolet Spark GT / Chevrolet Sail,Pastillas traseras con soporte de acero estampado y capa antirruido.,frenos,ate,162000,189000,37,12,4.6,19,0,Posicion=Eje trasero|Piezas=4|Aplicacion=Chevrolet Spark GT / Chevrolet Sail|Referencia OEM=95priorityA10
p-0024,TRW-A10024,5U0698151A10,Pastillas de freno traseras Volkswagen Gol / Volkswagen Polo,Pastillas traseras con soporte de acero estampado y capa antirruido.,frenos,trw,190000,217000,79,12,4.4,150,1,Posicion=Eje trasero|Piezas=4|Aplicacion=Volkswagen Gol / Volkswagen Polo|Referencia OEM=5U0698151A10
p-0025,BOS-A10025,410605A10,Pastillas de freno traseras Renault Logan / Renault Sandero,Pastillas traseras con soporte de acero estampado y capa antirruido.,frenos,bosch,178000,,2,12,4.2,197,0,Posicion=Eje trasero|Piezas=4|Aplicacion=Renault Logan / Renault Sandero|Referencia OEM=410605A10
p-0026,BOS-A10026,410601A10,Pastillas de freno traseras Renault Duster,Pastillas traseras con soporte de acero estampado y capa antirruido.,frenos,bosch,97000,,129,12,4.4,113,1,Posicion=Eje trasero|Piezas=4|Aplicacion=Renault Duster|Referencia OEM=410601A10
p-0027,ATE-A10027,58101-3XA10,Pastillas de freno traseras Hyundai Elantra / Kia Cerato,Pastillas traseras con soporte de acero estampado y capa antirruido.,frenos,ate,127000,,38,12,4.5,282,1,Posicion=Eje trasero|Piezas=4|Aplicacion=Hyundai Elantra / Kia Cerato|Referencia OEM=58101-3XA10
p-0028,BOS-B00028,5U0698151B00,Disco de freno delantero ventilado Volkswagen Gol / Volkswagen Polo,Disco ventilado con recubrimiento anticorrosivo y balanceo de alta precision para evitar vibracion en el pedal.,frenos,bosch,373000,,91,12,4.5,127,0,Tipo=Ventilado|Posicion=Delantero|Aplicacion=Volkswagen Gol / Volkswagen Polo|Referencia OEM=5U0698151B00
p-0029,ATE-B00029,04465-60B00,Disco de freno delantero ventilado Toyota Prado,Disco ventilado con recubrimiento anticorrosivo y balanceo de alta precision para evitar vibracion en el pedal.,frenos,ate,228000,,131,12,4.7,100,0,Tipo=Ventilado|Posicion=Delantero|Aplicacion=Toyota Prado|Referencia OEM=04465-60B00
p-0030,TRW-B00030,55810-61MB00,Disco de freno delantero ventilado Suzuki Swift / Suzuki Vitara,Disco ventilado con recubrimiento anticorrosivo y balanceo de alta precision para evitar vibracion en el pedal.,frenos,trw,288000,,127,12,4.1,162,0,Tipo=Ventilado|Posicion=Delantero|Aplicacion=Suzuki Swift / Suzuki Vitara|Referencia OEM=55810-61MB00
p-0031,TRW-B00031,410609B00,Disco de freno delantero ventilado Renault Kwid,Disco ventilado con recubrimiento anticorrosivo y balanceo de alta precision para evitar vibracion en el pedal.,frenos,trw,264000,307000,130,12,4.9,11,0,Tipo=Ventilado|Posicion=Delantero|Aplicacion=Renault Kwid|Referencia OEM=410609B00
p-0032,BOS-B00032,20911B00,Disco de freno delantero ventilado Chevrolet Captiva,Disco ventilado con recubrimiento anticorrosivo y balanceo de alta precision para evitar vibracion en el pedal.,frenos,bosch,263000,,127,12,4.8,146,0,Tipo=Ventilado|Posicion=Delantero|Aplicacion=Chevrolet Captiva|Referencia OEM=20911B00
p-0033,TRW-B00033,1857858B00,Disco de freno delantero ventilado Ford Escape,Disco ventilado con recubrimiento anticorrosivo y balanceo de alta precision para evitar vibracion en el pedal.,frenos,trw,178000,,30,12,4.4,100,0,Tipo=Ventilado|Posicion=Delantero|Aplicacion=Ford Escape|Referencia OEM=1857858B00
p-0034,BRE-B00034,BHY1-33-28B00,Disco de freno delantero ventilado Mazda Mazda 3 / Mazda Mazda 2,Disco ventilado con recubrimiento anticorrosivo y balanceo de alta precision para evitar vibracion en el pedal.,frenos,brembo,260000,,12,12,4.4,19,0,Tipo=Ventilado|Posicion=Delantero|Aplicacion=Mazda Mazda 3 / Mazda Mazda 2|Referencia OEM=BHY1-33-28B00
p-0035,BRE-B00035,D1060-4EB00,Disco de freno delantero ventilado Nissan Qashqai,Disco ventilado con recubrimiento anticorrosivo y balanceo de alta precision para evitar vibracion en el pedal.,frenos,brembo,299000,,76,12,4.8,50,0,Tipo=Ventilado|Posicion=Delantero|Aplicacion=Nissan Qashqai|Referencia OEM=D1060-4EB00
p-0036,TRW-B00036,D1060-1HB00,Disco de freno delantero ventilado Nissan Versa / Nissan March,Disco ventilado con recubrimiento anticorrosivo y balanceo de alta precision para evitar vibracion en el pedal.,frenos,trw,373000,480000,101,12,4.9,131,0,Tipo=Ventilado|Posicion=Delantero|Aplicacion=Nissan Versa / Nissan March|Referencia OEM=D1060-1HB00
p-0037,BOS-B00037,58101-3XB00,Disco de freno delantero ventilado Hyundai Elantra / Kia Cerato,Disco ventilado con recubrimiento anticorrosivo y balanceo de alta precision para evitar vibracion en el pedal.,frenos,bosch,365000,,33,12,4.4,238,1,Tipo=Ventilado|Posicion=Delantero|Aplicacion=Hyundai Elantra / Kia Cerato|Referencia OEM=58101-3XB00
p-0038,BOS-B00038,1848120B00,Disco de freno delantero ventilado Ford Fiesta,Disco ventilado con recubrimiento anticorrosivo y balanceo de alta precision para evitar vibracion en el pedal.,frenos,bosch,363000,450000,33,12,4.3,214,0,Tipo=Ventilado|Posicion=Delantero|Aplicacion=Ford Fiesta|Referencia OEM=1848120B00
p-0039,BRE-B00039,04465-0KB00,Disco de freno delantero ventilado Toyota Hilux / Ford Ranger,Disco ventilado con recubrimiento anticorrosivo y balanceo de alta precision para evitar vibracion en el pedal.,frenos,brembo,214000,,19,12,4.2,58,0,Tipo=Ventilado|Posicion=Delantero|Aplicacion=Toyota Hilux / Ford Ranger|Referencia OEM=04465-0KB00
p-0040,TRW-B00040,95priorityB00,Disco de freno delantero ventilado Chevrolet Spark GT / Chevrolet Sail,Disco ventilado con recubrimiento anticorrosivo y balanceo de alta precision para evitar vibracion en el pedal.,frenos,trw,372000,,30,12,4.2,75,0,Tipo=Ventilado|Posicion=Delantero|Aplicacion=Chevrolet Spark GT / Chevrolet Sail|Referencia OEM=95priorityB00
p-0041,BOS-B00041,58101-1RB00,Disco de freno delantero ventilado Hyundai Accent / Kia Rio,Disco ventilado con recubrimiento anticorrosivo y balanceo de alta precision para evitar vibracion en el pedal.,frenos,bosch,316000,,115,12,4.3,245,0,Tipo=Ventilado|Posicion=Delantero|Aplicacion=Hyundai Accent / Kia Rio|Referencia OEM=58101-1RB00
p-0042,ACD-C00042,1848120C00,Bandas de freno traseras Ford Fiesta,"Juego de bandas traseras libres de asbesto, con remachado reforzado para uso urbano intensivo.",frenos,acdelco,96000,,6,12,4.5,157,0,Posicion=Trasero|Piezas=4|Material=Sin asbesto|Aplicacion=Ford Fiesta|Referencia OEM=1848120C00
p-0043,TRW-C00043,04465-0KC00,Bandas de freno traseras Toyota Hilux / Ford Ranger,"Juego de bandas traseras libres de asbesto, con remachado reforzado para uso urbano intensivo.",frenos,trw,125000,,125,12,4.3,37,1,Posicion=Trasero|Piezas=4|Material=Sin asbesto|Aplicacion=Toyota Hilux / Ford Ranger|Referencia OEM=04465-0KC00
p-0044,ACD-C00044,04465-60C00,Bandas de freno traseras Toyota Prado,"Juego de bandas traseras libres de asbesto, con remachado reforzado para uso urbano intensivo.",frenos,acdelco,99000,,117,12,4.6,260,0,Posicion=Trasero|Piezas=4|Material=Sin asbesto|Aplicacion=Toyota Prado|Referencia OEM=04465-60C00
p-0045,ACD-C00045,58302-B4C00,Bandas de freno traseras Hyundai i10 / Kia Picanto,"Juego de bandas traseras libres de asbesto, con remachado reforzado para uso urbano intensivo.",frenos,acdelco,116000,,45,12,4.6,142,0,Posicion=Trasero|Piezas=4|Material=Sin asbesto|Aplicacion=Hyundai i10 / Kia Picanto|Referencia OEM=58302-B4C00
p-0046,BOS-C00046,20911C00,Bandas de freno traseras Chevrolet Captiva,"Juego de bandas traseras libres de asbesto, con remachado reforzado para uso urbano intensivo.",frenos,bosch,161000,,53,12,4.4,187,0,Posicion=Trasero|Piezas=4|Material=Sin asbesto|Aplicacion=Chevrolet Captiva|Referencia OEM=20911C00
p-0047,BOS-C00047,5U0698151C00,Bandas de freno traseras Volkswagen Gol / Volkswagen Polo,"Juego de bandas traseras libres de asbesto, con remachado reforzado para uso urbano intensivo.",frenos,bosch,153000,,132,12,4.3,301,0,Posicion=Trasero|Piezas=4|Material=Sin asbesto|Aplicacion=Volkswagen Gol / Volkswagen Polo|Referencia OEM=5U0698151C00
p-0048,BOS-C00048,410601C00,Bandas de freno traseras Renault Duster,"Juego de bandas traseras libres de asbesto, con remachado reforzado para uso urbano intensivo.",frenos,bosch,116000,,74,12,4.2,284,0,Posicion=Trasero|Piezas=4|Material=Sin asbesto|Aplicacion=Renault Duster|Referencia OEM=410601C00
p-0049,ACD-C00049,95priorityC00,Bandas de freno traseras Chevrolet Spark GT / Chevrolet Sail,"Juego de bandas traseras libres de asbesto, con remachado reforzado para uso urbano intensivo.",frenos,acdelco,126000,,76,12,4.3,51,0,Posicion=Trasero|Piezas=4|Material=Sin asbesto|Aplicacion=Chevrolet Spark GT / Chevrolet Sail|Referencia OEM=95priorityC00
p-0050,BOS-C00050,D1060-1HC00,Bandas de freno traseras Nissan Versa / Nissan March,"Juego de bandas traseras libres de asbesto, con remachado reforzado para uso urbano intensivo.",frenos,bosch,135000,,4,12,4.2,158,0,Posicion=Trasero|Piezas=4|Material=Sin asbesto|Aplicacion=Nissan Versa / Nissan March|Referencia OEM=D1060-1HC00
p-0051,WAG-D00051,BHY1-33-28D00,Cilindro maestro de freno Mazda Mazda 3 / Mazda Mazda 2,Cilindro maestro con sellos de EPDM y cuerpo de aluminio. Incluye deposito y tapa con sensor de nivel.,frenos,wagner,419000,495000,109,18,4.9,14,0,Deposito=Incluido|Material=Aluminio|Aplicacion=Mazda Mazda 3 / Mazda Mazda 2|Referencia OEM=BHY1-33-28D00
p-0052,TRW-D00052,410605D00,Cilindro maestro de freno Renault Logan / Renault Sandero,Cilindro maestro con sellos de EPDM y cuerpo de aluminio. Incluye deposito y tapa con sensor de nivel.,frenos,trw,541000,,61,18,4.6,306,0,Deposito=Incluido|Material=Aluminio|Aplicacion=Renault Logan / Renault Sandero|Referencia OEM=410605D00
p-0053,TRW-D00053,58101-3XD00,Cilindro maestro de freno Hyundai Elantra / Kia Cerato,Cilindro maestro con sellos de EPDM y cuerpo de aluminio. Incluye deposito y tapa con sensor de nivel.,frenos,trw,386000,,98,18,4.5,79,0,Deposito=Incluido|Material=Aluminio|Aplicacion=Hyundai Elantra / Kia Cerato|Referencia OEM=58101-3XD00
p-0054,TRW-D00054,95priorityD00,Cilindro maestro de freno Chevrolet Spark GT / Chevrolet Sail,Cilindro maestro con sellos de EPDM y cuerpo de aluminio. Incluye deposito y tapa con sensor de nivel.,frenos,trw,343000,,94,18,4.4,274,0,Deposito=Incluido|Material=Aluminio|Aplicacion=Chevrolet Spark GT / Chevrolet Sail|Referencia OEM=95priorityD00
p-0055,ATE-D00055,410601D00,Cilindro maestro de freno Renault Duster,Cilindro maestro con sellos de EPDM y cuerpo de aluminio. Incluye deposito y tapa con sensor de nivel.,frenos,ate,330000,,3,18,4.2,233,0,Deposito=Incluido|Material=Aluminio|Aplicacion=Renault Duster|Referencia OEM=410601D00
p-0056,TRW-D00056,410609D00,Cilindro maestro de freno Renault Kwid,Cilindro maestro con sellos de EPDM y cuerpo de aluminio. Incluye deposito y tapa con sensor de nivel.,frenos,trw,538000,,120,18,4.6,187,0,Deposito=Incluido|Material=Aluminio|Aplicacion=Renault Kwid|Referencia OEM=410609D00
p-0057,TRW-D00057,58101-D3D00,Cilindro maestro de freno Hyundai Tucson / Kia Sportage,Cilindro maestro con sellos de EPDM y cuerpo de aluminio. Incluye deposito y tapa con sensor de nivel.,frenos,trw,460000,,113,18,4.3,177,0,Deposito=Incluido|Material=Aluminio|Aplicacion=Hyundai Tucson / Kia Sportage|Referencia OEM=58101-D3D00
p-0058,BRE-E00058,1848120E00,Mordaza de freno delantera Ford Fiesta,"Mordaza remanufacturada con piston nuevo, guias y kit de sellos, lista para instalar.",frenos,brembo,690000,,23,12,4.2,72,0,"Pistones=1|Incluye=Guias, sellos y tornilleria|Aplicacion=Ford Fiesta|Referencia OEM=1848120E00"
p-0059,ACD-E00059,1857858E00,Mordaza de freno delantera Ford Escape,"Mordaza remanufacturada con piston nuevo, guias y kit de sellos, lista para instalar.",frenos,acdelco,658000,,37,12,4.8,254,0,"Pistones=1|Incluye=Guias, sellos y tornilleria|Aplicacion=Ford Escape|Referencia OEM=1857858E00"
p-0060,TRW-E00060,5U0698151E00,Mordaza de freno delantera Volkswagen Gol / Volkswagen Polo,"Mordaza remanufacturada con piston nuevo, guias y kit de sellos, lista para instalar.",frenos,trw,509000,595000,78,12,4.8,126,0,"Pistones=1|Incluye=Guias, sellos y tornilleria|Aplicacion=Volkswagen Gol / Volkswagen Polo|Referencia OEM=5U0698151E00"
p-0061,BRE-E00061,410601E00,Mordaza de freno delantera Renault Duster,"Mordaza remanufacturada con piston nuevo, guias y kit de sellos, lista para instalar.",frenos,brembo,634000,,133,12,4.2,12,0,"Pistones=1|Incluye=Guias, sellos y tornilleria|Aplicacion=Renault Duster|Referencia OEM=410601E00"
p-0062,BRE-E00062,58101-D3E00,Mordaza de freno delantera Hyundai Tucson / Kia Sportage,"Mordaza remanufacturada con piston nuevo, guias y kit de sellos, lista para instalar.",frenos,brembo,714000,,72,12,4.2,305,0,"Pistones=1|Incluye=Guias, sellos y tornilleria|Aplicacion=Hyundai Tucson / Kia Sportage|Referencia OEM=58101-D3E00"
p-0063,BRE-E00063,58302-B4E00,Mordaza de freno delantera Hyundai i10 / Kia Picanto,"Mordaza remanufacturada con piston nuevo, guias y kit de sellos, lista para instalar.",frenos,brembo,602000,744000,134,12,4.6,135,0,"Pistones=1|Incluye=Guias, sellos y tornilleria|Aplicacion=Hyundai i10 / Kia Picanto|Referencia OEM=58302-B4E00"
p-0064,TRW-F00064,95priorityF00,Terminal de direccion exterior Chevrolet Spark GT / Chevrolet Sail,Terminal con esfera de acero forjado y guardapolvo de poliuretano resistente a la humedad.,direccion,trw,89000,109000,61,12,4.1,94,0,Material=Acero forjado|Incluye=Tuerca y pasador|Aplicacion=Chevrolet Spark GT / Chevrolet Sail|Referencia OEM=95priorityF00
p-0065,MOG-F00065,410609F00,Terminal de direccion exterior Renault Kwid,Terminal con esfera de acero forjado y guardapolvo de poliuretano resistente a la humedad.,direccion,moog,134000,,134,12,4.8,56,0,Material=Acero forjado|Incluye=Tuerca y pasador|Aplicacion=Renault Kwid|Referencia OEM=410609F00
p-0066,MOG-F00066,1857858F00,Terminal de direccion exterior Ford Escape,Terminal con esfera de acero forjado y guardapolvo de poliuretano resistente a la humedad.,direccion,moog,69000,,132,12,4.8,177,0,Material=Acero forjado|Incluye=Tuerca y pasador|Aplicacion=Ford Escape|Referencia OEM=1857858F00
p-0067,MOG-F00067,410605F00,Terminal de direccion exterior Renault Logan / Renault Sandero,Terminal con esfera de acero forjado y guardapolvo de poliuretano resistente a la humedad.,direccion,moog,137000,,99,12,4.5,288,0,Material=Acero forjado|Incluye=Tuerca y pasador|Aplicacion=Renault Logan / Renault Sandero|Referencia OEM=410605F00
p-0068,TRW-F00068,20911F00,Terminal de direccion exterior Chevrolet Captiva,Terminal con esfera de acero forjado y guardapolvo de poliuretano resistente a la humedad.,direccion,trw,122000,,121,12,4.8,99,0,Material=Acero forjado|Incluye=Tuerca y pasador|Aplicacion=Chevrolet Captiva|Referencia OEM=20911F00
p-0069,MOG-F00069,D1060-1HF00,Terminal de direccion exterior Nissan Versa / Nissan March,Terminal con esfera de acero forjado y guardapolvo de poliuretano resistente a la humedad.,direccion,moog,116000,,92,12,4.6,313,0,Material=Acero forjado|Incluye=Tuerca y pasador|Aplicacion=Nissan Versa / Nissan March|Referencia OEM=D1060-1HF00
p-0070,FEB-F00070,5U0698151F00,Terminal de direccion exterior Volkswagen Gol / Volkswagen Polo,Terminal con esfera de acero forjado y guardapolvo de poliuretano resistente a la humedad.,direccion,febi,134000,,88,12,4.1,213,0,Material=Acero forjado|Incluye=Tuerca y pasador|Aplicacion=Volkswagen Gol / Volkswagen Polo|Referencia OEM=5U0698151F00
p-0071,TRW-F00071,04465-02F00,Terminal de direccion exterior Toyota Corolla / Toyota Yaris,Terminal con esfera de acero forjado y guardapolvo de poliuretano resistente a la humedad.,direccion,trw,127000,154000,14,12,4.8,77,0,Material=Acero forjado|Incluye=Tuerca y pasador|Aplicacion=Toyota Corolla / Toyota Yaris|Referencia OEM=04465-02F00
p-0072,MOG-F00072,58101-1RF00,Terminal de direccion exterior Hyundai Accent / Kia Rio,Terminal con esfera de acero forjado y guardapolvo de poliuretano resistente a la humedad.,direccion,moog,130000,,106,12,4.7,209,0,Material=Acero forjado|Incluye=Tuerca y pasador|Aplicacion=Hyundai Accent / Kia Rio|Referencia OEM=58101-1RF00
p-0073,FEB-F00073,04465-60F00,Terminal de direccion exterior Toyota Prado,Terminal con esfera de acero forjado y guardapolvo de poliuretano resistente a la humedad.,direccion,febi,103000,,3,12,4.5,243,0,Material=Acero forjado|Incluye=Tuerca y pasador|Aplicacion=Toyota Prado|Referencia OEM=04465-60F00
p-0074,TRW-F00074,58302-B4F00,Terminal de direccion exterior Hyundai i10 / Kia Picanto,Terminal con esfera de acero forjado y guardapolvo de poliuretano resistente a la humedad.,direccion,trw,95000,,30,12,4.9,29,0,Material=Acero forjado|Incluye=Tuerca y pasador|Aplicacion=Hyundai i10 / Kia Picanto|Referencia OEM=58302-B4F00
p-0075,TRW-F00075,55810-61MF00,Terminal de direccion exterior Suzuki Swift / Suzuki Vitara,Terminal con esfera de acero forjado y guardapolvo de poliuretano resistente a la humedad.,direccion,trw,137000,,70,12,4.3,27,0,Material=Acero forjado|Incluye=Tuerca y pasador|Aplicacion=Suzuki Swift / Suzuki Vitara|Referencia OEM=55810-61MF00
p-0076,MOG-F00076,1848120F00,Terminal de direccion exterior Ford Fiesta,Terminal con esfera de acero forjado y guardapolvo de poliuretano resistente a la humedad.,direccion,moog,88000,,5,12,4.8,193,0,Material=Acero forjado|Incluye=Tuerca y pasador|Aplicacion=Ford Fiesta|Referencia OEM=1848120F00
p-0077,FEB-F00077,04465-0KF00,Terminal de direccion exterior Toyota Hilux / Ford Ranger,Terminal con esfera de acero forjado y guardapolvo de poliuretano resistente a la humedad.,direccion,febi,104000,,5,12,4.4,134,0,Material=Acero forjado|Incluye=Tuerca y pasador|Aplicacion=Toyota Hilux / Ford Ranger|Referencia OEM=04465-0KF00
p-0078,TRW-F00078,58101-D3F00,Terminal de direccion exterior Hyundai Tucson / Kia Sportage,Terminal con esfera de acero forjado y guardapolvo de poliuretano resistente a la humedad.,direccion,trw,70000,85000,30,12,4.8,89,0,Material=Acero forjado|Incluye=Tuerca y pasador|Aplicacion=Hyundai Tucson / Kia Sportage|Referencia OEM=58101-D3F00
p-0079,MOG-G00079,55810-61MG00,Rotula inferior de suspension Suzuki Swift / Suzuki Vitara,Rotula con cuerpo de acero y buje de poliacetal autolubricado.,direccion,moog,145000,,66,12,4.6,263,0,Incluye=Tuerca y pasador|Aplicacion=Suzuki Swift / Suzuki Vitara|Referencia OEM=55810-61MG00
p-0080,MOG-G00080,D1060-1HG00,Rotula inferior de suspension Nissan Versa / Nissan March,Rotula con cuerpo de acero y buje de poliacetal autolubricado.,direccion,moog,80000,,29,12,4.3,75,0,Incluye=Tuerca y pasador|Aplicacion=Nissan Versa / Nissan March|Referencia OEM=D1060-1HG00
p-0081,TRW-G00081,D1060-4EG00,Rotula inferior de suspension Nissan Qashqai,Rotula con cuerpo de acero y buje de poliacetal autolubricado.,direccion,trw,109000,,138,12,4.4,218,0,Incluye=Tuerca y pasador|Aplicacion=Nissan Qashqai|Referencia OEM=D1060-4EG00
p-0082,FEB-G00082,95priorityG00,Rotula inferior de suspension Chevrolet Spark GT / Chevrolet Sail,Rotula con cuerpo de acero y buje de poliacetal autolubricado.,direccion,febi,160000,181000,23,12,4.8,234,0,Incluye=Tuerca y pasador|Aplicacion=Chevrolet Spark GT / Chevrolet Sail|Referencia OEM=95priorityG00
p-0083,TRW-G00083,04465-60G00,Rotula inferior de suspension Toyota Prado,Rotula con cuerpo de acero y buje de poliacetal autolubricado.,direccion,trw,137000,,91,12,4.3,53,0,Incluye=Tuerca y pasador|Aplicacion=Toyota Prado|Referencia OEM=04465-60G00
p-0084,TRW-G00084,58101-1RG00,Rotula inferior de suspension Hyundai Accent / Kia Rio,Rotula con cuerpo de acero y buje de poliacetal autolubricado.,direccion,trw,87000,109000,70,12,4.4,318,0,Incluye=Tuerca y pasador|Aplicacion=Hyundai Accent / Kia Rio|Referencia OEM=58101-1RG00
p-0085,FEB-G00085,1848120G00,Rotula inferior de suspension Ford Fiesta,Rotula con cuerpo de acero y buje de poliacetal autolubricado.,direccion,febi,84000,100000,50,12,4.7,219,0,Incluye=Tuerca y pasador|Aplicacion=Ford Fiesta|Referencia OEM=1848120G00
p-0086,MOG-G00086,58101-3XG00,Rotula inferior de suspension Hyundai Elantra / Kia Cerato,Rotula con cuerpo de acero y buje de poliacetal autolubricado.,direccion,moog,104000,,4,12,4.2,308,1,Incluye=Tuerca y pasador|Aplicacion=Hyundai Elantra / Kia Cerato|Referencia OEM=58101-3XG00
p-0087,FEB-G00087,04465-0KG00,Rotula inferior de suspension Toyota Hilux / Ford Ranger,Rotula con cuerpo de acero y buje de poliacetal autolubricado.,direccion,febi,96000,,25,12,4.5,64,0,Incluye=Tuerca y pasador|Aplicacion=Toyota Hilux / Ford Ranger|Referencia OEM=04465-0KG00
p-0088,TRW-G00088,410609G00,Rotula inferior de suspension Renault Kwid,Rotula con cuerpo de acero y buje de poliacetal autolubricado.,direccion,trw,73000,,86,12,4.4,222,0,Incluye=Tuerca y pasador|Aplicacion=Renault Kwid|Referencia OEM=410609G00
p-0089,TRW-G00089,1857858G00,Rotula inferior de suspension Ford Escape,Rotula con cuerpo de acero y buje de poliacetal autolubricado.,direccion,trw,149000,,80,12,4.5,81,0,Incluye=Tuerca y pasador|Aplicacion=Ford Escape|Referencia OEM=1857858G00
p-0090,FEB-G00090,5U0698151G00,Rotula inferior de suspension Volkswagen Gol / Volkswagen Polo,Rotula con cuerpo de acero y buje de poliacetal autolubricado.,direccion,febi,95000,,111,12,4.7,249,0,Incluye=Tuerca y pasador|Aplicacion=Volkswagen Gol / Volkswagen Polo|Referencia OEM=5U0698151G00
p-0091,MOG-G00091,04465-02G00,Rotula inferior de suspension Toyota Corolla / Toyota Yaris,Rotula con cuerpo de acero y buje de poliacetal autolubricado.,direccion,moog,146000,,127,12,4.2,44,0,Incluye=Tuerca y pasador|Aplicacion=Toyota Corolla / Toyota Yaris|Referencia OEM=04465-02G00
p-0092,TRW-H00092,1857858H00,Cremallera de direccion Ford Escape,"Cremallera remanufacturada bajo estandar de fabrica, probada en banco y con terminales nuevos incluidos.",direccion,trw,2274000,2698000,6,24,4.3,185,0,Terminales=Incluidos|Prueba en banco=Si|Aplicacion=Ford Escape|Referencia OEM=1857858H00
p-0093,TRW-H00093,BHY1-33-28H00,Cremallera de direccion Mazda Mazda 3 / Mazda Mazda 2,"Cremallera remanufacturada bajo estandar de fabrica, probada en banco y con terminales nuevos incluidos.",direccion,trw,1295000,,1,24,4.3,12,0,Terminales=Incluidos|Prueba en banco=Si|Aplicacion=Mazda Mazda 3 / Mazda Mazda 2|Referencia OEM=BHY1-33-28H00
p-0094,TRW-H00094,410601H00,Cremallera de direccion Renault Duster,"Cremallera remanufacturada bajo estandar de fabrica, probada en banco y con terminales nuevos incluidos.",direccion,trw,1740000,,9,24,4.2,176,0,Terminales=Incluidos|Prueba en banco=Si|Aplicacion=Renault Duster|Referencia OEM=410601H00
p-0095,ZFG-H00095,1848120H00,Cremallera de direccion Ford Fiesta,"Cremallera remanufacturada bajo estandar de fabrica, probada en banco y con terminales nuevos incluidos.",direccion,zf,2279000,,78,24,4.7,76,0,Terminales=Incluidos|Prueba en banco=Si|Aplicacion=Ford Fiesta|Referencia OEM=1848120H00
p-0096,TRW-H00096,D1060-1HH00,Cremallera de direccion Nissan Versa / Nissan March,"Cremallera remanufacturada bajo estandar de fabrica, probada en banco y con terminales nuevos incluidos.",direccion,trw,1968000,2346000,5,24,4.8,246,0,Terminales=Incluidos|Prueba en banco=Si|Aplicacion=Nissan Versa / Nissan March|Referencia OEM=D1060-1HH00
p-0097,TRW-H00097,20911H00,Cremallera de direccion Chevrolet Captiva,"Cremallera remanufacturada bajo estandar de fabrica, probada en banco y con terminales nuevos incluidos.",direccion,trw,1422000,,13,24,4.1,214,0,Terminales=Incluidos|Prueba en banco=Si|Aplicacion=Chevrolet Captiva|Referencia OEM=20911H00
p-0098,ZFG-H00098,410605H00,Cremallera de direccion Renault Logan / Renault Sandero,"Cremallera remanufacturada bajo estandar de fabrica, probada en banco y con terminales nuevos incluidos.",direccion,zf,2099000,2495000,13,24,4.5,104,0,Terminales=Incluidos|Prueba en banco=Si|Aplicacion=Renault Logan / Renault Sandero|Referencia OEM=410605H00
p-0099,FEB-H00099,58101-3XH00,Cremallera de direccion Hyundai Elantra / Kia Cerato,"Cremallera remanufacturada bajo estandar de fabrica, probada en banco y con terminales nuevos incluidos.",direccion,febi,1924000,,14,24,4.9,25,0,Terminales=Incluidos|Prueba en banco=Si|Aplicacion=Hyundai Elantra / Kia Cerato|Referencia OEM=58101-3XH00
p-0100,VAL-I00100,1857858I00,Bomba de direccion hidraulica Ford Escape,Bomba de paletas con valvula de alivio calibrada de fabrica. Reduce el ruido en maniobras a baja velocidad.,direccion,valeo,1039000,1307000,64,18,4.7,88,0,Polea=Incluida|Aplicacion=Ford Escape|Referencia OEM=1857858I00
p-0101,BOS-I00101,58302-B4I00,Bomba de direccion hidraulica Hyundai i10 / Kia Picanto,Bomba de paletas con valvula de alivio calibrada de fabrica. Reduce el ruido en maniobras a baja velocidad.,direccion,bosch,1171000,1409000,33,18,4.8,60,0,Polea=Incluida|Aplicacion=Hyundai i10 / Kia Picanto|Referencia OEM=58302-B4I00
p-0102,VAL-I00102,58101-3XI00,Bomba de direccion hidraulica Hyundai Elantra / Kia Cerato,Bomba de paletas con valvula de alivio calibrada de fabrica. Reduce el ruido en maniobras a baja velocidad.,direccion,valeo,1055000,,102,18,4.8,287,0,Polea=Incluida|Aplicacion=Hyundai Elantra / Kia Cerato|Referencia OEM=58101-3XI00
p-0103,VAL-I00103,20911I00,Bomba de direccion hidraulica Chevrolet Captiva,Bomba de paletas con valvula de alivio calibrada de fabrica. Reduce el ruido en maniobras a baja velocidad.,direccion,valeo,1028000,,40,18,4.6,61,0,Polea=Incluida|Aplicacion=Chevrolet Captiva|Referencia OEM=20911I00
p-0104,VAL-I00104,D1060-1HI00,Bomba de direccion hidraulica Nissan Versa / Nissan March,Bomba de paletas con valvula de alivio calibrada de fabrica. Reduce el ruido en maniobras a baja velocidad.,direccion,valeo,748000,,79,18,4.7,38,0,Polea=Incluida|Aplicacion=Nissan Versa / Nissan March|Referencia OEM=D1060-1HI00
p-0105,ZFG-I00105,410609I00,Bomba de direccion hidraulica Renault Kwid,Bomba de paletas con valvula de alivio calibrada de fabrica. Reduce el ruido en maniobras a baja velocidad.,direccion,zf,732000,,3,18,4.8,91,0,Polea=Incluida|Aplicacion=Renault Kwid|Referencia OEM=410609I00
p-0106,BOS-I00106,55810-61MI00,Bomba de direccion hidraulica Suzuki Swift / Suzuki Vitara,Bomba de paletas con valvula de alivio calibrada de fabrica. Reduce el ruido en maniobras a baja velocidad.,direccion,bosch,895000,1021000,3,18,4.5,37,0,Polea=Incluida|Aplicacion=Suzuki Swift / Suzuki Vitara|Referencia OEM=55810-61MI00
p-0107,MOG-J00107,58101-3XJ00,Guardapolvo de cremallera Hyundai Elantra / Kia Cerato,Fuelle de caucho EPDM con abrazaderas incluidas. Protege la cremallera del agua y el polvo.,direccion,moog,25000,28000,45,6,4.6,146,0,Material=EPDM|Abrazaderas=Incluidas|Aplicacion=Hyundai Elantra / Kia Cerato|Referencia OEM=58101-3XJ00
p-0108,FEB-J00108,55810-61MJ00,Guardapolvo de cremallera Suzuki Swift / Suzuki Vitara,Fuelle de caucho EPDM con abrazaderas incluidas. Protege la cremallera del agua y el polvo.,direccion,febi,43000,,93,6,4.6,56,0,Material=EPDM|Abrazaderas=Incluidas|Aplicacion=Suzuki Swift / Suzuki Vitara|Referencia OEM=55810-61MJ00
p-0109,MOG-J00109,20911J00,Guardapolvo de cremallera Chevrolet Captiva,Fuelle de caucho EPDM con abrazaderas incluidas. Protege la cremallera del agua y el polvo.,direccion,moog,44000,,98,6,4.4,233,0,Material=EPDM|Abrazaderas=Incluidas|Aplicacion=Chevrolet Captiva|Referencia OEM=20911J00
p-0110,FEB-J00110,04465-0KJ00,Guardapolvo de cremallera Toyota Hilux / Ford Ranger,Fuelle de caucho EPDM con abrazaderas incluidas. Protege la cremallera del agua y el polvo.,direccion,febi,33000,38000,11,6,4.3,202,0,Material=EPDM|Abrazaderas=Incluidas|Aplicacion=Toyota Hilux / Ford Ranger|Referencia OEM=04465-0KJ00
p-0111,FEB-J00111,1857858J00,Guardapolvo de cremallera Ford Escape,Fuelle de caucho EPDM con abrazaderas incluidas. Protege la cremallera del agua y el polvo.,direccion,febi,35000,,87,6,4.9,255,1,Material=EPDM|Abrazaderas=Incluidas|Aplicacion=Ford Escape|Referencia OEM=1857858J00
p-0112,MOG-J00112,04465-02J00,Guardapolvo de cremallera Toyota Corolla / Toyota Yaris,Fuelle de caucho EPDM con abrazaderas incluidas. Protege la cremallera del agua y el polvo.,direccion,moog,46000,56000,40,6,4.4,50,0,Material=EPDM|Abrazaderas=Incluidas|Aplicacion=Toyota Corolla / Toyota Yaris|Referencia OEM=04465-02J00
p-0113,FEB-J00113,410601J00,Guardapolvo de cremallera Renault Duster,Fuelle de caucho EPDM con abrazaderas incluidas. Protege la cremallera del agua y el polvo.,direccion,febi,40000,,88,6,4.6,263,0,Material=EPDM|Abrazaderas=Incluidas|Aplicacion=Renault Duster|Referencia OEM=410601J00
p-0114,FEB-J00114,04465-60J00,Guardapolvo de cremallera Toyota Prado,Fuelle de caucho EPDM con abrazaderas incluidas. Protege la cremallera del agua y el polvo.,direccion,febi,20000,,26,6,4.5,212,1,Material=EPDM|Abrazaderas=Incluidas|Aplicacion=Toyota Prado|Referencia OEM=04465-60J00
p-0115,SAC-K00115,1857858K00,Amortiguador delantero a gas Ford Escape,Amortiguador bitubo presurizado con valvula sensible a la carretera. Mejora el agarre y reduce el cabeceo al frenar.,suspension,sachs,332000,,0,24,4.6,304,0,Posicion=Delantero|Tipo=Bitubo a gas|Aplicacion=Ford Escape|Referencia OEM=1857858K00
p-0116,SAC-K00116,1848120K00,Amortiguador delantero a gas Ford Fiesta,Amortiguador bitubo presurizado con valvula sensible a la carretera. Mejora el agarre y reduce el cabeceo al frenar.,suspension,sachs,289000,,39,24,4.8,201,0,Posicion=Delantero|Tipo=Bitubo a gas|Aplicacion=Ford Fiesta|Referencia OEM=1848120K00
p-0117,MON-K00117,58101-1RK00,Amortiguador delantero a gas Hyundai Accent / Kia Rio,Amortiguador bitubo presurizado con valvula sensible a la carretera. Mejora el agarre y reduce el cabeceo al frenar.,suspension,monroe,270000,330000,71,24,4.7,129,0,Posicion=Delantero|Tipo=Bitubo a gas|Aplicacion=Hyundai Accent / Kia Rio|Referencia OEM=58101-1RK00
p-0118,KYB-K00118,42707K00,Amortiguador delantero a gas Chevrolet Onix / Chevrolet Tracker,Amortiguador bitubo presurizado con valvula sensible a la carretera. Mejora el agarre y reduce el cabeceo al frenar.,suspension,kyb,282000,,91,24,4.8,133,0,Posicion=Delantero|Tipo=Bitubo a gas|Aplicacion=Chevrolet Onix / Chevrolet Tracker|Referencia OEM=42707K00
p-0119,MON-K00119,04465-60K00,Amortiguador delantero a gas Toyota Prado,Amortiguador bitubo presurizado con valvula sensible a la carretera. Mejora el agarre y reduce el cabeceo al frenar.,suspension,monroe,219000,,26,24,4.3,253,0,Posicion=Delantero|Tipo=Bitubo a gas|Aplicacion=Toyota Prado|Referencia OEM=04465-60K00
p-0120,MON-K00120,D1060-4EK00,Amortiguador delantero a gas Nissan Qashqai,Amortiguador bitubo presurizado con valvula sensible a la carretera. Mejora el agarre y reduce el cabeceo al frenar.,suspension,monroe,282000,336000,0,24,4.3,220,0,Posicion=Delantero|Tipo=Bitubo a gas|Aplicacion=Nissan Qashqai|Referencia OEM=D1060-4EK00
p-0121,MON-K00121,D1060-1HK00,Amortiguador delantero a gas Nissan Versa / Nissan March,Amortiguador bitubo presurizado con valvula sensible a la carretera. Mejora el agarre y reduce el cabeceo al frenar.,suspension,monroe,251000,,0,24,4.8,100,0,Posicion=Delantero|Tipo=Bitubo a gas|Aplicacion=Nissan Versa / Nissan March|Referencia OEM=D1060-1HK00
p-0122,MON-K00122,410609K00,Amortiguador delantero a gas Renault Kwid,Amortiguador bitubo presurizado con valvula sensible a la carretera. Mejora el agarre y reduce el cabeceo al frenar.,suspension,monroe,261000,,4,24,4.6,21,0,Posicion=Delantero|Tipo=Bitubo a gas|Aplicacion=Renault Kwid|Referencia OEM=410609K00
p-0123,SAC-K00123,55810-61MK00,Amortiguador delantero a gas Suzuki Swift / Suzuki Vitara,Amortiguador bitubo presurizado con valvula sensible a la carretera. Mejora el agarre y reduce el cabeceo al frenar.,suspension,sachs,225000,,85,24,4.7,186,0,Posicion=Delantero|Tipo=Bitubo a gas|Aplicacion=Suzuki Swift / Suzuki Vitara|Referencia OEM=55810-61MK00
p-0124,MON-K00124,5U0698151K00,Amortiguador delantero a gas Volkswagen Gol / Volkswagen Polo,Amortiguador bitubo presurizado con valvula sensible a la carretera. Mejora el agarre y reduce el cabeceo al frenar.,suspension,monroe,369000,,0,24,4.2,301,0,Posicion=Delantero|Tipo=Bitubo a gas|Aplicacion=Volkswagen Gol / Volkswagen Polo|Referencia OEM=5U0698151K00
p-0125,MON-K00125,410601K00,Amortiguador delantero a gas Renault Duster,Amortiguador bitubo presurizado con valvula sensible a la carretera. Mejora el agarre y reduce el cabeceo al frenar.,suspension,monroe,265000,,106,24,4.5,303,0,Posicion=Delantero|Tipo=Bitubo a gas|Aplicacion=Renault Duster|Referencia OEM=410601K00
p-0126,SAC-K00126,04465-0KK00,Amortiguador delantero a gas Toyota Hilux / Ford Ranger,Amortiguador bitubo presurizado con valvula sensible a la carretera. Mejora el agarre y reduce el cabeceo al frenar.,suspension,sachs,266000,308000,64,24,4.6,131,0,Posicion=Delantero|Tipo=Bitubo a gas|Aplicacion=Toyota Hilux / Ford Ranger|Referencia OEM=04465-0KK00
p-0127,MON-K00127,95priorityK00,Amortiguador delantero a gas Chevrolet Spark GT / Chevrolet Sail,Amortiguador bitubo presurizado con valvula sensible a la carretera. Mejora el agarre y reduce el cabeceo al frenar.,suspension,monroe,340000,,116,24,4.7,238,0,Posicion=Delantero|Tipo=Bitubo a gas|Aplicacion=Chevrolet Spark GT / Chevrolet Sail|Referencia OEM=95priorityK00
p-0128,MON-K00128,58101-D3K00,Amortiguador delantero a gas Hyundai Tucson / Kia Sportage,Amortiguador bitubo presurizado con valvula sensible a la carretera. Mejora el agarre y reduce el cabeceo al frenar.,suspension,monroe,223000,258000,41,24,4.5,154,0,Posicion=Delantero|Tipo=Bitubo a gas|Aplicacion=Hyundai Tucson / Kia Sportage|Referencia OEM=58101-D3K00
p-0129,KYB-K00129,BHY1-33-28K00,Amortiguador delantero a gas Mazda Mazda 3 / Mazda Mazda 2,Amortiguador bitubo presurizado con valvula sensible a la carretera. Mejora el agarre y reduce el cabeceo al frenar.,suspension,kyb,267000,,51,24,4.2,185,1,Posicion=Delantero|Tipo=Bitubo a gas|Aplicacion=Mazda Mazda 3 / Mazda Mazda 2|Referencia OEM=BHY1-33-28K00
p-0130,KYB-K00130,58302-B4K00,Amortiguador delantero a gas Hyundai i10 / Kia Picanto,Amortiguador bitubo presurizado con valvula sensible a la carretera. Mejora el agarre y reduce el cabeceo al frenar.,suspension,kyb,187000,,49,24,4.3,222,0,Posicion=Delantero|Tipo=Bitubo a gas|Aplicacion=Hyundai i10 / Kia Picanto|Referencia OEM=58302-B4K00
p-0131,KYB-K00131,04465-02K00,Amortiguador delantero a gas Toyota Corolla / Toyota Yaris,Amortiguador bitubo presurizado con valvula sensible a la carretera. Mejora el agarre y reduce el cabeceo al frenar.,suspension,kyb,186000,,3,24,4.2,274,0,Posicion=Delantero|Tipo=Bitubo a gas|Aplicacion=Toyota Corolla / Toyota Yaris|Referencia OEM=04465-02K00
p-0132,KYB-L00132,58101-D3L00,Amortiguador trasero a gas Hyundai Tucson / Kia Sportage,Reemplazo equivalente al original. Recupera la altura y el confort de marcha de fabrica.,suspension,kyb,170000,,65,24,4.6,122,0,Posicion=Trasero|Tipo=Bitubo a gas|Aplicacion=Hyundai Tucson / Kia Sportage|Referencia OEM=58101-D3L00
p-0133,SAC-L00133,1857858L00,Amortiguador trasero a gas Ford Escape,Reemplazo equivalente al original. Recupera la altura y el confort de marcha de fabrica.,suspension,sachs,330000,,116,24,4.1,88,0,Posicion=Trasero|Tipo=Bitubo a gas|Aplicacion=Ford Escape|Referencia OEM=1857858L00
p-0134,KYB-L00134,20911L00,Amortiguador trasero a gas Chevrolet Captiva,Reemplazo equivalente al original. Recupera la altura y el confort de marcha de fabrica.,suspension,kyb,220000,,3,24,4.7,32,0,Posicion=Trasero|Tipo=Bitubo a gas|Aplicacion=Chevrolet Captiva|Referencia OEM=20911L00
p-0135,MON-L00135,5U0698151L00,Amortiguador trasero a gas Volkswagen Gol / Volkswagen Polo,Reemplazo equivalente al original. Recupera la altura y el confort de marcha de fabrica.,suspension,monroe,202000,241000,5,24,4.8,249,0,Posicion=Trasero|Tipo=Bitubo a gas|Aplicacion=Volkswagen Gol / Volkswagen Polo|Referencia OEM=5U0698151L00
p-0136,SAC-L00136,55810-61ML00,Amortiguador trasero a gas Suzuki Swift / Suzuki Vitara,Reemplazo equivalente al original. Recupera la altura y el confort de marcha de fabrica.,suspension,sachs,200000,237000,1,24,4.5,71,0,Posicion=Trasero|Tipo=Bitubo a gas|Aplicacion=Suzuki Swift / Suzuki Vitara|Referencia OEM=55810-61ML00
p-0137,SAC-L00137,410601L00,Amortiguador trasero a gas Renault Duster,Reemplazo equivalente al original. Recupera la altura y el confort de marcha de fabrica.,suspension,sachs,268000,,3,24,4.7,169,0,Posicion=Trasero|Tipo=Bitubo a gas|Aplicacion=Renault Duster|Referencia OEM=410601L00
p-0138,MON-L00138,42707L00,Amortiguador trasero a gas Chevrolet Onix / Chevrolet Tracker,Reemplazo equivalente al original. Recupera la altura y el confort de marcha de fabrica.,suspension,monroe,190000,239000,31,24,4.6,92,0,Posicion=Trasero|Tipo=Bitubo a gas|Aplicacion=Chevrolet Onix / Chevrolet Tracker|Referencia OEM=42707L00
p-0139,MON-L00139,95priorityL00,Amortiguador trasero a gas Chevrolet Spark GT / Chevrolet Sail,Reemplazo equivalente al original. Recupera la altura y el confort de marcha de fabrica.,suspension,monroe,239000,,128,24,4.5,141,0,Posicion=Trasero|Tipo=Bitubo a gas|Aplicacion=Chevrolet Spark GT / Chevrolet Sail|Referencia OEM=95priorityL00
p-0140,KYB-L00140,04465-02L00,Amortiguador trasero a gas Toyota Corolla / Toyota Yaris,Reemplazo equivalente al original. Recupera la altura y el confort de marcha de fabrica.,suspension,kyb,255000,,0,24,4.4,247,0,Posicion=Trasero|Tipo=Bitubo a gas|Aplicacion=Toyota Corolla / Toyota Yaris|Referencia OEM=04465-02L00
p-0141,SAC-L00141,58101-3XL00,Amortiguador trasero a gas Hyundai Elantra / Kia Cerato,Reemplazo equivalente al original. Recupera la altura y el confort de marcha de fabrica.,suspension,sachs,198000,230000,16,24,4.5,248,0,Posicion=Trasero|Tipo=Bitubo a gas|Aplicacion=Hyundai Elantra / Kia Cerato|Referencia OEM=58101-3XL00
p-0142,MON-L00142,D1060-1HL00,Amortiguador trasero a gas Nissan Versa / Nissan March,Reemplazo equivalente al original. Recupera la altura y el confort de marcha de fabrica.,suspension,monroe,298000,356000,132,24,4.6,107,0,Posicion=Trasero|Tipo=Bitubo a gas|Aplicacion=Nissan Versa / Nissan March|Referencia OEM=D1060-1HL00
p-0143,KYB-L00143,410605L00,Amortiguador trasero a gas Renault Logan / Renault Sandero,Reemplazo equivalente al original. Recupera la altura y el confort de marcha de fabrica.,suspension,kyb,228000,,3,24,4.8,111,0,Posicion=Trasero|Tipo=Bitubo a gas|Aplicacion=Renault Logan / Renault Sandero|Referencia OEM=410605L00
p-0144,MON-L00144,58302-B4L00,Amortiguador trasero a gas Hyundai i10 / Kia Picanto,Reemplazo equivalente al original. Recupera la altura y el confort de marcha de fabrica.,suspension,monroe,343000,,13,24,4.5,18,0,Posicion=Trasero|Tipo=Bitubo a gas|Aplicacion=Hyundai i10 / Kia Picanto|Referencia OEM=58302-B4L00
p-0145,MON-L00145,1848120L00,Amortiguador trasero a gas Ford Fiesta,Reemplazo equivalente al original. Recupera la altura y el confort de marcha de fabrica.,suspension,monroe,219000,264000,3,24,4.3,93,0,Posicion=Trasero|Tipo=Bitubo a gas|Aplicacion=Ford Fiesta|Referencia OEM=1848120L00
p-0146,MON-L00146,D1060-4EL00,Amortiguador trasero a gas Nissan Qashqai,Reemplazo equivalente al original. Recupera la altura y el confort de marcha de fabrica.,suspension,monroe,205000,,55,24,4.2,187,0,Posicion=Trasero|Tipo=Bitubo a gas|Aplicacion=Nissan Qashqai|Referencia OEM=D1060-4EL00
p-0147,KYB-M00147,04465-02M00,Espiral delantero reforzado Toyota Corolla / Toyota Yaris,Resorte de acero al silicio con recubrimiento epoxico. Conserva la altura original aun con carga.,suspension,kyb,129000,,4,12,4.6,257,0,Posicion=Delantero|Aplicacion=Toyota Corolla / Toyota Yaris|Referencia OEM=04465-02M00
p-0148,FEB-M00148,1848120M00,Espiral delantero reforzado Ford Fiesta,Resorte de acero al silicio con recubrimiento epoxico. Conserva la altura original aun con carga.,suspension,febi,135000,,5,12,4.7,319,0,Posicion=Delantero|Aplicacion=Ford Fiesta|Referencia OEM=1848120M00
p-0149,FEB-M00149,1857858M00,Espiral delantero reforzado Ford Escape,Resorte de acero al silicio con recubrimiento epoxico. Conserva la altura original aun con carga.,suspension,febi,284000,,77,12,4.8,21,0,Posicion=Delantero|Aplicacion=Ford Escape|Referencia OEM=1857858M00
p-0150,SAC-M00150,D1060-4EM00,Espiral delantero reforzado Nissan Qashqai,Resorte de acero al silicio con recubrimiento epoxico. Conserva la altura original aun con carga.,suspension,sachs,139000,156000,59,12,4.4,277,0,Posicion=Delantero|Aplicacion=Nissan Qashqai|Referencia OEM=D1060-4EM00
p-0151,SAC-M00151,42707M00,Espiral delantero reforzado Chevrolet Onix / Chevrolet Tracker,Resorte de acero al silicio con recubrimiento epoxico. Conserva la altura original aun con carga.,suspension,sachs,182000,215000,3,12,4.9,28,0,Posicion=Delantero|Aplicacion=Chevrolet Onix / Chevrolet Tracker|Referencia OEM=42707M00
p-0152,FEB-M00152,58302-B4M00,Espiral delantero reforzado Hyundai i10 / Kia Picanto,Resorte de acero al silicio con recubrimiento epoxico. Conserva la altura original aun con carga.,suspension,febi,163000,,102,12,4.7,224,0,Posicion=Delantero|Aplicacion=Hyundai i10 / Kia Picanto|Referencia OEM=58302-B4M00
p-0153,SAC-M00153,410605M00,Espiral delantero reforzado Renault Logan / Renault Sandero,Resorte de acero al silicio con recubrimiento epoxico. Conserva la altura original aun con carga.,suspension,sachs,255000,,87,12,4.7,267,0,Posicion=Delantero|Aplicacion=Renault Logan / Renault Sandero|Referencia OEM=410605M00
p-0154,KYB-M00154,04465-60M00,Espiral delantero reforzado Toyota Prado,Resorte de acero al silicio con recubrimiento epoxico. Conserva la altura original aun con carga.,suspension,kyb,260000,,52,12,4.7,267,0,Posicion=Delantero|Aplicacion=Toyota Prado|Referencia OEM=04465-60M00
p-0155,SAC-M00155,58101-D3M00,Espiral delantero reforzado Hyundai Tucson / Kia Sportage,Resorte de acero al silicio con recubrimiento epoxico. Conserva la altura original aun con carga.,suspension,sachs,203000,,68,12,4.3,89,0,Posicion=Delantero|Aplicacion=Hyundai Tucson / Kia Sportage|Referencia OEM=58101-D3M00
p-0156,KYB-M00156,20911M00,Espiral delantero reforzado Chevrolet Captiva,Resorte de acero al silicio con recubrimiento epoxico. Conserva la altura original aun con carga.,suspension,kyb,238000,,46,12,4.9,53,0,Posicion=Delantero|Aplicacion=Chevrolet Captiva|Referencia OEM=20911M00
p-0157,FEB-M00157,58101-3XM00,Espiral delantero reforzado Hyundai Elantra / Kia Cerato,Resorte de acero al silicio con recubrimiento epoxico. Conserva la altura original aun con carga.,suspension,febi,154000,,87,12,4.9,23,0,Posicion=Delantero|Aplicacion=Hyundai Elantra / Kia Cerato|Referencia OEM=58101-3XM00
p-0158,MOG-N00158,42707N00,Buje de tijera delantera Chevrolet Onix / Chevrolet Tracker,Buje de caucho vulcanizado sobre camisa metalica. Elimina golpeteos en huecos y reductores.,suspension,moog,38000,,137,12,4.5,32,0,Material=Caucho y acero|Aplicacion=Chevrolet Onix / Chevrolet Tracker|Referencia OEM=42707N00
p-0159,MOG-N00159,410605N00,Buje de tijera delantera Renault Logan / Renault Sandero,Buje de caucho vulcanizado sobre camisa metalica. Elimina golpeteos en huecos y reductores.,suspension,moog,59000,73000,0,12,4.6,180,0,Material=Caucho y acero|Aplicacion=Renault Logan / Renault Sandero|Referencia OEM=410605N00
p-0160,MOG-N00160,04465-0KN00,Buje de tijera delantera Toyota Hilux / Ford Ranger,Buje de caucho vulcanizado sobre camisa metalica. Elimina golpeteos en huecos y reductores.,suspension,moog,72000,,83,12,4.6,282,0,Material=Caucho y acero|Aplicacion=Toyota Hilux / Ford Ranger|Referencia OEM=04465-0KN00
p-0161,MOG-N00161,58101-1RN00,Buje de tijera delantera Hyundai Accent / Kia Rio,Buje de caucho vulcanizado sobre camisa metalica. Elimina golpeteos en huecos y reductores.,suspension,moog,73000,,5,12,4.8,137,0,Material=Caucho y acero|Aplicacion=Hyundai Accent / Kia Rio|Referencia OEM=58101-1RN00
p-0162,FEB-N00162,D1060-4EN00,Buje de tijera delantera Nissan Qashqai,Buje de caucho vulcanizado sobre camisa metalica. Elimina golpeteos en huecos y reductores.,suspension,febi,30000,36000,55,12,4.8,84,0,Material=Caucho y acero|Aplicacion=Nissan Qashqai|Referencia OEM=D1060-4EN00
p-0163,SAC-N00163,D1060-1HN00,Buje de tijera delantera Nissan Versa / Nissan March,Buje de caucho vulcanizado sobre camisa metalica. Elimina golpeteos en huecos y reductores.,suspension,sachs,42000,47000,79,12,4.2,179,0,Material=Caucho y acero|Aplicacion=Nissan Versa / Nissan March|Referencia OEM=D1060-1HN00
p-0164,FEB-N00164,04465-02N00,Buje de tijera delantera Toyota Corolla / Toyota Yaris,Buje de caucho vulcanizado sobre camisa metalica. Elimina golpeteos en huecos y reductores.,suspension,febi,64000,,126,12,4.9,28,0,Material=Caucho y acero|Aplicacion=Toyota Corolla / Toyota Yaris|Referencia OEM=04465-02N00
p-0165,FEB-N00165,5U0698151N00,Buje de tijera delantera Volkswagen Gol / Volkswagen Polo,Buje de caucho vulcanizado sobre camisa metalica. Elimina golpeteos en huecos y reductores.,suspension,febi,41000,,91,12,4.7,98,0,Material=Caucho y acero|Aplicacion=Volkswagen Gol / Volkswagen Polo|Referencia OEM=5U0698151N00
p-0166,SAC-N00166,58302-B4N00,Buje de tijera delantera Hyundai i10 / Kia Picanto,Buje de caucho vulcanizado sobre camisa metalica. Elimina golpeteos en huecos y reductores.,suspension,sachs,30000,,69,12,4.5,181,0,Material=Caucho y acero|Aplicacion=Hyundai i10 / Kia Picanto|Referencia OEM=58302-B4N00
p-0167,MOG-N00167,55810-61MN00,Buje de tijera delantera Suzuki Swift / Suzuki Vitara,Buje de caucho vulcanizado sobre camisa metalica. Elimina golpeteos en huecos y reductores.,suspension,moog,76000,91000,125,12,4.8,140,0,Material=Caucho y acero|Aplicacion=Suzuki Swift / Suzuki Vitara|Referencia OEM=55810-61MN00
p-0168,MOG-N00168,410609N00,Buje de tijera delantera Renault Kwid,Buje de caucho vulcanizado sobre camisa metalica. Elimina golpeteos en huecos y reductores.,suspension,moog,50000,64000,85,12,4.5,162,0,Material=Caucho y acero|Aplicacion=Renault Kwid|Referencia OEM=410609N00
p-0169,SAC-N00169,410601N00,Buje de tijera delantera Renault Duster,Buje de caucho vulcanizado sobre camisa metalica. Elimina golpeteos en huecos y reductores.,suspension,sachs,64000,,1,12,4.5,87,1,Material=Caucho y acero|Aplicacion=Renault Duster|Referencia OEM=410601N00
p-0170,FEB-N00170,1857858N00,Buje de tijera delantera Ford Escape,Buje de caucho vulcanizado sobre camisa metalica. Elimina golpeteos en huecos y reductores.,suspension,febi,50000,,79,12,4.5,239,0,Material=Caucho y acero|Aplicacion=Ford Escape|Referencia OEM=1857858N00
p-0171,FEB-O00171,04465-02O00,Tijera inferior completa Toyota Corolla / Toyota Yaris,Brazo de control con rotula y bujes preinstalados. Reduce el tiempo de montaje a la mitad.,suspension,febi,276000,,49,18,4.1,162,0,Rotula=Preinstalada|Bujes=Preinstalados|Aplicacion=Toyota Corolla / Toyota Yaris|Referencia OEM=04465-02O00
p-0172,TRW-O00172,58101-1RO00,Tijera inferior completa Hyundai Accent / Kia Rio,Brazo de control con rotula y bujes preinstalados. Reduce el tiempo de montaje a la mitad.,suspension,trw,287000,,139,18,4.2,307,0,Rotula=Preinstalada|Bujes=Preinstalados|Aplicacion=Hyundai Accent / Kia Rio|Referencia OEM=58101-1RO00
p-0173,TRW-O00173,55810-61MO00,Tijera inferior completa Suzuki Swift / Suzuki Vitara,Brazo de control con rotula y bujes preinstalados. Reduce el tiempo de montaje a la mitad.,suspension,trw,341000,,138,18,4.8,238,0,Rotula=Preinstalada|Bujes=Preinstalados|Aplicacion=Suzuki Swift / Suzuki Vitara|Referencia OEM=55810-61MO00
p-0174,FEB-O00174,D1060-1HO00,Tijera inferior completa Nissan Versa / Nissan March,Brazo de control con rotula y bujes preinstalados. Reduce el tiempo de montaje a la mitad.,suspension,febi,473000,,107,18,4.8,184,0,Rotula=Preinstalada|Bujes=Preinstalados|Aplicacion=Nissan Versa / Nissan March|Referencia OEM=D1060-1HO00
p-0175,MOG-O00175,20911O00,Tijera inferior completa Chevrolet Captiva,Brazo de control con rotula y bujes preinstalados. Reduce el tiempo de montaje a la mitad.,suspension,moog,279000,,39,18,4.4,151,1,Rotula=Preinstalada|Bujes=Preinstalados|Aplicacion=Chevrolet Captiva|Referencia OEM=20911O00
p-0176,TRW-O00176,410609O00,Tijera inferior completa Renault Kwid,Brazo de control con rotula y bujes preinstalados. Reduce el tiempo de montaje a la mitad.,suspension,trw,511000,650000,6,18,4.2,312,0,Rotula=Preinstalada|Bujes=Preinstalados|Aplicacion=Renault Kwid|Referencia OEM=410609O00
p-0177,FEB-O00177,410605O00,Tijera inferior completa Renault Logan / Renault Sandero,Brazo de control con rotula y bujes preinstalados. Reduce el tiempo de montaje a la mitad.,suspension,febi,316000,,6,18,4.6,298,0,Rotula=Preinstalada|Bujes=Preinstalados|Aplicacion=Renault Logan / Renault Sandero|Referencia OEM=410605O00
p-0178,TRW-O00178,BHY1-33-28O00,Tijera inferior completa Mazda Mazda 3 / Mazda Mazda 2,Brazo de control con rotula y bujes preinstalados. Reduce el tiempo de montaje a la mitad.,suspension,trw,440000,538000,69,18,4.3,127,0,Rotula=Preinstalada|Bujes=Preinstalados|Aplicacion=Mazda Mazda 3 / Mazda Mazda 2|Referencia OEM=BHY1-33-28O00
p-0179,FEB-O00179,58302-B4O00,Tijera inferior completa Hyundai i10 / Kia Picanto,Brazo de control con rotula y bujes preinstalados. Reduce el tiempo de montaje a la mitad.,suspension,febi,387000,,68,18,4.7,82,1,Rotula=Preinstalada|Bujes=Preinstalados|Aplicacion=Hyundai i10 / Kia Picanto|Referencia OEM=58302-B4O00
p-0180,SAC-P00180,04465-0KP00,Base de amortiguador con rodamiento Toyota Hilux / Ford Ranger,Kit de base superior con rodamiento axial y tope de goma. Elimina el ruido al girar el volante.,suspension,sachs,145000,179000,74,12,4.1,139,0,"Incluye=Base, rodamiento y tope|Piezas=3|Aplicacion=Toyota Hilux / Ford Ranger|Referencia OEM=04465-0KP00"
p-0181,SAC-P00181,1857858P00,Base de amortiguador con rodamiento Ford Escape,Kit de base superior con rodamiento axial y tope de goma. Elimina el ruido al girar el volante.,suspension,sachs,126000,,126,12,4.8,167,0,"Incluye=Base, rodamiento y tope|Piezas=3|Aplicacion=Ford Escape|Referencia OEM=1857858P00"
p-0182,SAC-P00182,04465-60P00,Base de amortiguador con rodamiento Toyota Prado,Kit de base superior con rodamiento axial y tope de goma. Elimina el ruido al girar el volante.,suspension,sachs,138000,,110,12,4.5,275,0,"Incluye=Base, rodamiento y tope|Piezas=3|Aplicacion=Toyota Prado|Referencia OEM=04465-60P00"
p-0183,SKF-P00183,410601P00,Base de amortiguador con rodamiento Renault Duster,Kit de base superior con rodamiento axial y tope de goma. Elimina el ruido al girar el volante.,suspension,skf,143000,,4,12,4.4,168,0,"Incluye=Base, rodamiento y tope|Piezas=3|Aplicacion=Renault Duster|Referencia OEM=410601P00"
p-0184,SKF-P00184,5U0698151P00,Base de amortiguador con rodamiento Volkswagen Gol / Volkswagen Polo,Kit de base superior con rodamiento axial y tope de goma. Elimina el ruido al girar el volante.,suspension,skf,129000,,2,12,4.3,147,0,"Incluye=Base, rodamiento y tope|Piezas=3|Aplicacion=Volkswagen Gol / Volkswagen Polo|Referencia OEM=5U0698151P00"
p-0185,FEB-P00185,58101-1RP00,Base de amortiguador con rodamiento Hyundai Accent / Kia Rio,Kit de base superior con rodamiento axial y tope de goma. Elimina el ruido al girar el volante.,suspension,febi,140000,,90,12,4.5,137,0,"Incluye=Base, rodamiento y tope|Piezas=3|Aplicacion=Hyundai Accent / Kia Rio|Referencia OEM=58101-1RP00"
p-0186,SAC-P00186,1848120P00,Base de amortiguador con rodamiento Ford Fiesta,Kit de base superior con rodamiento axial y tope de goma. Elimina el ruido al girar el volante.,suspension,sachs,113000,,19,12,4.9,211,0,"Incluye=Base, rodamiento y tope|Piezas=3|Aplicacion=Ford Fiesta|Referencia OEM=1848120P00"
p-0187,FEB-P00187,04465-02P00,Base de amortiguador con rodamiento Toyota Corolla / Toyota Yaris,Kit de base superior con rodamiento axial y tope de goma. Elimina el ruido al girar el volante.,suspension,febi,91000,,78,12,4.6,302,0,"Incluye=Base, rodamiento y tope|Piezas=3|Aplicacion=Toyota Corolla / Toyota Yaris|Referencia OEM=04465-02P00"
p-0188,SKF-P00188,58302-B4P00,Base de amortiguador con rodamiento Hyundai i10 / Kia Picanto,Kit de base superior con rodamiento axial y tope de goma. Elimina el ruido al girar el volante.,suspension,skf,133000,,42,12,4.8,99,0,"Incluye=Base, rodamiento y tope|Piezas=3|Aplicacion=Hyundai i10 / Kia Picanto|Referencia OEM=58302-B4P00"
p-0189,SAC-P00189,D1060-1HP00,Base de amortiguador con rodamiento Nissan Versa / Nissan March,Kit de base superior con rodamiento axial y tope de goma. Elimina el ruido al girar el volante.,suspension,sachs,181000,,37,12,4.8,158,0,"Incluye=Base, rodamiento y tope|Piezas=3|Aplicacion=Nissan Versa / Nissan March|Referencia OEM=D1060-1HP00"
p-0190,SKF-P00190,D1060-4EP00,Base de amortiguador con rodamiento Nissan Qashqai,Kit de base superior con rodamiento axial y tope de goma. Elimina el ruido al girar el volante.,suspension,skf,155000,191000,9,12,4.4,31,0,"Incluye=Base, rodamiento y tope|Piezas=3|Aplicacion=Nissan Qashqai|Referencia OEM=D1060-4EP00"
p-0191,BOS-Q00191,04465-0KQ00,Filtro de aceite de motor Toyota Hilux / Ford Ranger,Filtro de flujo total con valvula antidrenaje. Mantiene presion de aceite estable en el arranque en frio.,motor,bosch,28000,,4,6,4.8,287,0,Valvula antidrenaje=Si|Aplicacion=Toyota Hilux / Ford Ranger|Referencia OEM=04465-0KQ00
p-0192,DEN-Q00192,1857858Q00,Filtro de aceite de motor Ford Escape,Filtro de flujo total con valvula antidrenaje. Mantiene presion de aceite estable en el arranque en frio.,motor,denso,28000,,54,6,4.5,64,0,Valvula antidrenaje=Si|Aplicacion=Ford Escape|Referencia OEM=1857858Q00
p-0193,MAN-Q00193,58101-D3Q00,Filtro de aceite de motor Hyundai Tucson / Kia Sportage,Filtro de flujo total con valvula antidrenaje. Mantiene presion de aceite estable en el arranque en frio.,motor,mann,26000,,104,6,4.5,73,0,Valvula antidrenaje=Si|Aplicacion=Hyundai Tucson / Kia Sportage|Referencia OEM=58101-D3Q00
p-0194,DEN-Q00194,BHY1-33-28Q00,Filtro de aceite de motor Mazda Mazda 3 / Mazda Mazda 2,Filtro de flujo total con valvula antidrenaje. Mantiene presion de aceite estable en el arranque en frio.,motor,denso,25000,,60,6,4.4,38,0,Valvula antidrenaje=Si|Aplicacion=Mazda Mazda 3 / Mazda Mazda 2|Referencia OEM=BHY1-33-28Q00
p-0195,BOS-Q00195,04465-60Q00,Filtro de aceite de motor Toyota Prado,Filtro de flujo total con valvula antidrenaje. Mantiene presion de aceite estable en el arranque en frio.,motor,bosch,31000,,4,6,4.6,316,0,Valvula antidrenaje=Si|Aplicacion=Toyota Prado|Referencia OEM=04465-60Q00
p-0196,MAH-Q00196,20911Q00,Filtro de aceite de motor Chevrolet Captiva,Filtro de flujo total con valvula antidrenaje. Mantiene presion de aceite estable en el arranque en frio.,motor,mahle,18000,21000,138,6,4.4,222,1,Valvula antidrenaje=Si|Aplicacion=Chevrolet Captiva|Referencia OEM=20911Q00
p-0197,BOS-Q00197,410605Q00,Filtro de aceite de motor Renault Logan / Renault Sandero,Filtro de flujo total con valvula antidrenaje. Mantiene presion de aceite estable en el arranque en frio.,motor,bosch,39000,,126,6,4.4,184,0,Valvula antidrenaje=Si|Aplicacion=Renault Logan / Renault Sandero|Referencia OEM=410605Q00
p-0198,BOS-Q00198,5U0698151Q00,Filtro de aceite de motor Volkswagen Gol / Volkswagen Polo,Filtro de flujo total con valvula antidrenaje. Mantiene presion de aceite estable en el arranque en frio.,motor,bosch,49000,,129,6,4.9,134,0,Valvula antidrenaje=Si|Aplicacion=Volkswagen Gol / Volkswagen Polo|Referencia OEM=5U0698151Q00
p-0199,MAH-Q00199,95priorityQ00,Filtro de aceite de motor Chevrolet Spark GT / Chevrolet Sail,Filtro de flujo total con valvula antidrenaje. Mantiene presion de aceite estable en el arranque en frio.,motor,mahle,33000,41000,0,6,4.5,12,0,Valvula antidrenaje=Si|Aplicacion=Chevrolet Spark GT / Chevrolet Sail|Referencia OEM=95priorityQ00
p-0200,BOS-Q00200,D1060-4EQ00,Filtro de aceite de motor Nissan Qashqai,Filtro de flujo total con valvula antidrenaje. Mantiene presion de aceite estable en el arranque en frio.,motor,bosch,47000,,0,6,4.3,264,0,Valvula antidrenaje=Si|Aplicacion=Nissan Qashqai|Referencia OEM=D1060-4EQ00
p-0201,MAN-Q00201,1848120Q00,Filtro de aceite de motor Ford Fiesta,Filtro de flujo total con valvula antidrenaje. Mantiene presion de aceite estable en el arranque en frio.,motor,mann,19000,,15,6,4.5,213,0,Valvula antidrenaje=Si|Aplicacion=Ford Fiesta|Referencia OEM=1848120Q00
p-0202,MAH-Q00202,410601Q00,Filtro de aceite de motor Renault Duster,Filtro de flujo total con valvula antidrenaje. Mantiene presion de aceite estable en el arranque en frio.,motor,mahle,26000,,36,6,4.2,106,0,Valvula antidrenaje=Si|Aplicacion=Renault Duster|Referencia OEM=410601Q00
p-0203,BOS-Q00203,55810-61MQ00,Filtro de aceite de motor Suzuki Swift / Suzuki Vitara,Filtro de flujo total con valvula antidrenaje. Mantiene presion de aceite estable en el arranque en frio.,motor,bosch,35000,42000,113,6,4.1,211,0,Valvula antidrenaje=Si|Aplicacion=Suzuki Swift / Suzuki Vitara|Referencia OEM=55810-61MQ00
p-0204,MAH-Q00204,04465-02Q00,Filtro de aceite de motor Toyota Corolla / Toyota Yaris,Filtro de flujo total con valvula antidrenaje. Mantiene presion de aceite estable en el arranque en frio.,motor,mahle,28000,34000,107,6,4.4,138,0,Valvula antidrenaje=Si|Aplicacion=Toyota Corolla / Toyota Yaris|Referencia OEM=04465-02Q00
p-0205,BOS-Q00205,58101-1RQ00,Filtro de aceite de motor Hyundai Accent / Kia Rio,Filtro de flujo total con valvula antidrenaje. Mantiene presion de aceite estable en el arranque en frio.,motor,bosch,33000,,46,6,4.9,153,0,Valvula antidrenaje=Si|Aplicacion=Hyundai Accent / Kia Rio|Referencia OEM=58101-1RQ00
p-0206,BOS-Q00206,42707Q00,Filtro de aceite de motor Chevrolet Onix / Chevrolet Tracker,Filtro de flujo total con valvula antidrenaje. Mantiene presion de aceite estable en el arranque en frio.,motor,bosch,25000,30000,4,6,4.3,14,0,Valvula antidrenaje=Si|Aplicacion=Chevrolet Onix / Chevrolet Tracker|Referencia OEM=42707Q00
p-0207,BOS-Q00207,410609Q00,Filtro de aceite de motor Renault Kwid,Filtro de flujo total con valvula antidrenaje. Mantiene presion de aceite estable en el arranque en frio.,motor,bosch,28000,,0,6,4.7,193,1,Valvula antidrenaje=Si|Aplicacion=Renault Kwid|Referencia OEM=410609Q00
p-0208,BOS-Q00208,58101-3XQ00,Filtro de aceite de motor Hyundai Elantra / Kia Cerato,Filtro de flujo total con valvula antidrenaje. Mantiene presion de aceite estable en el arranque en frio.,motor,bosch,45000,,107,6,4.7,275,0,Valvula antidrenaje=Si|Aplicacion=Hyundai Elantra / Kia Cerato|Referencia OEM=58101-3XQ00
p-0209,MAH-R00209,D1060-1HR00,Filtro de aire de motor Nissan Versa / Nissan March,Medio filtrante plisado de alta superficie. Protege el sensor MAF y mantiene el consumo de combustible.,motor,mahle,88000,110000,48,6,4.7,55,0,Forma=Rectangular|Aplicacion=Nissan Versa / Nissan March|Referencia OEM=D1060-1HR00
p-0210,MAH-R00210,BHY1-33-28R00,Filtro de aire de motor Mazda Mazda 3 / Mazda Mazda 2,Medio filtrante plisado de alta superficie. Protege el sensor MAF y mantiene el consumo de combustible.,motor,mahle,54000,68000,39,6,4.5,135,0,Forma=Rectangular|Aplicacion=Mazda Mazda 3 / Mazda Mazda 2|Referencia OEM=BHY1-33-28R00
p-0211,BOS-R00211,42707R00,Filtro de aire de motor Chevrolet Onix / Chevrolet Tracker,Medio filtrante plisado de alta superficie. Protege el sensor MAF y mantiene el consumo de combustible.,motor,bosch,39000,49000,25,6,4.6,228,0,Forma=Rectangular|Aplicacion=Chevrolet Onix / Chevrolet Tracker|Referencia OEM=42707R00
p-0212,MAN-R00212,04465-60R00,Filtro de aire de motor Toyota Prado,Medio filtrante plisado de alta superficie. Protege el sensor MAF y mantiene el consumo de combustible.,motor,mann,70000,,62,6,4.9,269,0,Forma=Rectangular|Aplicacion=Toyota Prado|Referencia OEM=04465-60R00
p-0213,MAH-R00213,410609R00,Filtro de aire de motor Renault Kwid,Medio filtrante plisado de alta superficie. Protege el sensor MAF y mantiene el consumo de combustible.,motor,mahle,50000,,79,6,4.4,228,0,Forma=Rectangular|Aplicacion=Renault Kwid|Referencia OEM=410609R00
p-0214,BOS-R00214,20911R00,Filtro de aire de motor Chevrolet Captiva,Medio filtrante plisado de alta superficie. Protege el sensor MAF y mantiene el consumo de combustible.,motor,bosch,60000,,74,6,4.2,56,0,Forma=Rectangular|Aplicacion=Chevrolet Captiva|Referencia OEM=20911R00
p-0215,MAN-R00215,04465-0KR00,Filtro de aire de motor Toyota Hilux / Ford Ranger,Medio filtrante plisado de alta superficie. Protege el sensor MAF y mantiene el consumo de combustible.,motor,mann,73000,,53,6,4.9,266,0,Forma=Rectangular|Aplicacion=Toyota Hilux / Ford Ranger|Referencia OEM=04465-0KR00
p-0216,BOS-R00216,410601R00,Filtro de aire de motor Renault Duster,Medio filtrante plisado de alta superficie. Protege el sensor MAF y mantiene el consumo de combustible.,motor,bosch,92000,,104,6,4.6,102,0,Forma=Rectangular|Aplicacion=Renault Duster|Referencia OEM=410601R00
p-0217,BOS-R00217,1848120R00,Filtro de aire de motor Ford Fiesta,Medio filtrante plisado de alta superficie. Protege el sensor MAF y mantiene el consumo de combustible.,motor,bosch,51000,,84,6,4.8,22,1,Forma=Rectangular|Aplicacion=Ford Fiesta|Referencia OEM=1848120R00
p-0218,MAH-R00218,04465-02R00,Filtro de aire de motor Toyota Corolla / Toyota Yaris,Medio filtrante plisado de alta superficie. Protege el sensor MAF y mantiene el consumo de combustible.,motor,mahle,49000,63000,117,6,4.3,175,0,Forma=Rectangular|Aplicacion=Toyota Corolla / Toyota Yaris|Referencia OEM=04465-02R00
p-0219,BOS-R00219,5U0698151R00,Filtro de aire de motor Volkswagen Gol / Volkswagen Polo,Medio filtrante plisado de alta superficie. Protege el sensor MAF y mantiene el consumo de combustible.,motor,bosch,48000,,122,6,4.2,117,0,Forma=Rectangular|Aplicacion=Volkswagen Gol / Volkswagen Polo|Referencia OEM=5U0698151R00
p-0220,MAH-R00220,58302-B4R00,Filtro de aire de motor Hyundai i10 / Kia Picanto,Medio filtrante plisado de alta superficie. Protege el sensor MAF y mantiene el consumo de combustible.,motor,mahle,88000,,4,6,4.5,243,0,Forma=Rectangular|Aplicacion=Hyundai i10 / Kia Picanto|Referencia OEM=58302-B4R00
p-0221,MAN-R00221,58101-1RR00,Filtro de aire de motor Hyundai Accent / Kia Rio,Medio filtrante plisado de alta superficie. Protege el sensor MAF y mantiene el consumo de combustible.,motor,mann,53000,,112,6,4.4,120,0,Forma=Rectangular|Aplicacion=Hyundai Accent / Kia Rio|Referencia OEM=58101-1RR00
p-0222,MAH-R00222,55810-61MR00,Filtro de aire de motor Suzuki Swift / Suzuki Vitara,Medio filtrante plisado de alta superficie. Protege el sensor MAF y mantiene el consumo de combustible.,motor,mahle,50000,,0,6,4.7,214,0,Forma=Rectangular|Aplicacion=Suzuki Swift / Suzuki Vitara|Referencia OEM=55810-61MR00
p-0223,MAH-R00223,58101-D3R00,Filtro de aire de motor Hyundai Tucson / Kia Sportage,Medio filtrante plisado de alta superficie. Protege el sensor MAF y mantiene el consumo de combustible.,motor,mahle,39000,,46,6,4.4,190,0,Forma=Rectangular|Aplicacion=Hyundai Tucson / Kia Sportage|Referencia OEM=58101-D3R00
p-0224,MAN-R00224,D1060-4ER00,Filtro de aire de motor Nissan Qashqai,Medio filtrante plisado de alta superficie. Protege el sensor MAF y mantiene el consumo de combustible.,motor,mann,57000,,88,6,4.8,230,0,Forma=Rectangular|Aplicacion=Nissan Qashqai|Referencia OEM=D1060-4ER00
p-0225,BOS-R00225,95priorityR00,Filtro de aire de motor Chevrolet Spark GT / Chevrolet Sail,Medio filtrante plisado de alta superficie. Protege el sensor MAF y mantiene el consumo de combustible.,motor,bosch,55000,,90,6,4.1,54,0,Forma=Rectangular|Aplicacion=Chevrolet Spark GT / Chevrolet Sail|Referencia OEM=95priorityR00
p-0226,MAH-R10226,95priorityR10,Filtro de aire acondicionado Chevrolet Spark GT / Chevrolet Sail,"Filtro de habitaculo con carbon activado que retiene polen, polvo y olores del trafico.",motor,mahle,70000,,1,6,4.2,310,0,Tipo=Carbon activado|Aplicacion=Chevrolet Spark GT / Chevrolet Sail|Referencia OEM=95priorityR10
p-0227,BOS-R10227,58101-D3R10,Filtro de aire acondicionado Hyundai Tucson / Kia Sportage,"Filtro de habitaculo con carbon activado que retiene polen, polvo y olores del trafico.",motor,bosch,41000,,117,6,4.2,24,0,Tipo=Carbon activado|Aplicacion=Hyundai Tucson / Kia Sportage|Referencia OEM=58101-D3R10
p-0228,BOS-R10228,58302-B4R10,Filtro de aire acondicionado Hyundai i10 / Kia Picanto,"Filtro de habitaculo con carbon activado que retiene polen, polvo y olores del trafico.",motor,bosch,57000,,111,6,4.3,89,0,Tipo=Carbon activado|Aplicacion=Hyundai i10 / Kia Picanto|Referencia OEM=58302-B4R10
p-0229,MAN-R10229,55810-61MR10,Filtro de aire acondicionado Suzuki Swift / Suzuki Vitara,"Filtro de habitaculo con carbon activado que retiene polen, polvo y olores del trafico.",motor,mann,69000,,50,6,4.1,26,0,Tipo=Carbon activado|Aplicacion=Suzuki Swift / Suzuki Vitara|Referencia OEM=55810-61MR10
p-0230,MAN-R10230,04465-02R10,Filtro de aire acondicionado Toyota Corolla / Toyota Yaris,"Filtro de habitaculo con carbon activado que retiene polen, polvo y olores del trafico.",motor,mann,63000,,65,6,4.4,247,0,Tipo=Carbon activado|Aplicacion=Toyota Corolla / Toyota Yaris|Referencia OEM=04465-02R10
p-0231,MAH-R10231,D1060-4ER10,Filtro de aire acondicionado Nissan Qashqai,"Filtro de habitaculo con carbon activado que retiene polen, polvo y olores del trafico.",motor,mahle,73000,,136,6,4.4,130,0,Tipo=Carbon activado|Aplicacion=Nissan Qashqai|Referencia OEM=D1060-4ER10
p-0232,BOS-R10232,410609R10,Filtro de aire acondicionado Renault Kwid,"Filtro de habitaculo con carbon activado que retiene polen, polvo y olores del trafico.",motor,bosch,47000,,4,6,4.6,39,0,Tipo=Carbon activado|Aplicacion=Renault Kwid|Referencia OEM=410609R10
p-0233,BOS-R10233,42707R10,Filtro de aire acondicionado Chevrolet Onix / Chevrolet Tracker,"Filtro de habitaculo con carbon activado que retiene polen, polvo y olores del trafico.",motor,bosch,71000,,3,6,4.5,87,0,Tipo=Carbon activado|Aplicacion=Chevrolet Onix / Chevrolet Tracker|Referencia OEM=42707R10
p-0234,BOS-R10234,1857858R10,Filtro de aire acondicionado Ford Escape,"Filtro de habitaculo con carbon activado que retiene polen, polvo y olores del trafico.",motor,bosch,63000,,0,6,4.6,80,0,Tipo=Carbon activado|Aplicacion=Ford Escape|Referencia OEM=1857858R10
p-0235,BOS-R10235,410601R10,Filtro de aire acondicionado Renault Duster,"Filtro de habitaculo con carbon activado que retiene polen, polvo y olores del trafico.",motor,bosch,51000,,56,6,4.8,122,0,Tipo=Carbon activado|Aplicacion=Renault Duster|Referencia OEM=410601R10
p-0236,MAH-R10236,BHY1-33-28R10,Filtro de aire acondicionado Mazda Mazda 3 / Mazda Mazda 2,"Filtro de habitaculo con carbon activado que retiene polen, polvo y olores del trafico.",motor,mahle,75000,,83,6,4.6,80,0,Tipo=Carbon activado|Aplicacion=Mazda Mazda 3 / Mazda Mazda 2|Referencia OEM=BHY1-33-28R10
p-0237,MAH-R10237,D1060-1HR10,Filtro de aire acondicionado Nissan Versa / Nissan March,"Filtro de habitaculo con carbon activado que retiene polen, polvo y olores del trafico.",motor,mahle,67000,,99,6,4.7,303,0,Tipo=Carbon activado|Aplicacion=Nissan Versa / Nissan March|Referencia OEM=D1060-1HR10
p-0238,MAH-R10238,5U0698151R10,Filtro de aire acondicionado Volkswagen Gol / Volkswagen Polo,"Filtro de habitaculo con carbon activado que retiene polen, polvo y olores del trafico.",motor,mahle,41000,,81,6,4.6,114,1,Tipo=Carbon activado|Aplicacion=Volkswagen Gol / Volkswagen Polo|Referencia OEM=5U0698151R10
p-0239,MAN-R10239,1848120R10,Filtro de aire acondicionado Ford Fiesta,"Filtro de habitaculo con carbon activado que retiene polen, polvo y olores del trafico.",motor,mann,57000,,56,6,4.1,70,0,Tipo=Carbon activado|Aplicacion=Ford Fiesta|Referencia OEM=1848120R10
p-0240,GAT-S00240,58302-B4S00,Kit de correa de reparticion con tensor Hyundai i10 / Kia Picanto,"Kit completo con correa HNBR, tensor y polea loca. Cambio recomendado cada 90.000 km.",motor,gates,573000,,0,24,4.9,241,0,Material=HNBR|Piezas=3|Aplicacion=Hyundai i10 / Kia Picanto|Referencia OEM=58302-B4S00
p-0241,BOS-S00241,42707S00,Kit de correa de reparticion con tensor Chevrolet Onix / Chevrolet Tracker,"Kit completo con correa HNBR, tensor y polea loca. Cambio recomendado cada 90.000 km.",motor,bosch,350000,,106,24,4.7,44,0,Material=HNBR|Piezas=3|Aplicacion=Chevrolet Onix / Chevrolet Tracker|Referencia OEM=42707S00
p-0242,GAT-S00242,58101-1RS00,Kit de correa de reparticion con tensor Hyundai Accent / Kia Rio,"Kit completo con correa HNBR, tensor y polea loca. Cambio recomendado cada 90.000 km.",motor,gates,337000,,12,24,4.6,97,0,Material=HNBR|Piezas=3|Aplicacion=Hyundai Accent / Kia Rio|Referencia OEM=58101-1RS00
p-0243,SKF-S00243,04465-60S00,Kit de correa de reparticion con tensor Toyota Prado,"Kit completo con correa HNBR, tensor y polea loca. Cambio recomendado cada 90.000 km.",motor,skf,544000,682000,139,24,4.7,230,0,Material=HNBR|Piezas=3|Aplicacion=Toyota Prado|Referencia OEM=04465-60S00
p-0244,GAT-S00244,04465-02S00,Kit de correa de reparticion con tensor Toyota Corolla / Toyota Yaris,"Kit completo con correa HNBR, tensor y polea loca. Cambio recomendado cada 90.000 km.",motor,gates,559000,,36,24,4.5,268,0,Material=HNBR|Piezas=3|Aplicacion=Toyota Corolla / Toyota Yaris|Referencia OEM=04465-02S00
p-0245,SKF-S00245,410609S00,Kit de correa de reparticion con tensor Renault Kwid,"Kit completo con correa HNBR, tensor y polea loca. Cambio recomendado cada 90.000 km.",motor,skf,608000,,75,24,4.5,269,0,Material=HNBR|Piezas=3|Aplicacion=Renault Kwid|Referencia OEM=410609S00
p-0246,BOS-S00246,55810-61MS00,Kit de correa de reparticion con tensor Suzuki Swift / Suzuki Vitara,"Kit completo con correa HNBR, tensor y polea loca. Cambio recomendado cada 90.000 km.",motor,bosch,346000,,4,24,4.8,119,0,Material=HNBR|Piezas=3|Aplicacion=Suzuki Swift / Suzuki Vitara|Referencia OEM=55810-61MS00
p-0247,BOS-S00247,04465-0KS00,Kit de correa de reparticion con tensor Toyota Hilux / Ford Ranger,"Kit completo con correa HNBR, tensor y polea loca. Cambio recomendado cada 90.000 km.",motor,bosch,360000,,69,24,4.4,152,0,Material=HNBR|Piezas=3|Aplicacion=Toyota Hilux / Ford Ranger|Referencia OEM=04465-0KS00
p-0248,BOS-S00248,410605S00,Kit de correa de reparticion con tensor Renault Logan / Renault Sandero,"Kit completo con correa HNBR, tensor y polea loca. Cambio recomendado cada 90.000 km.",motor,bosch,579000,734000,1,24,4.8,154,0,Material=HNBR|Piezas=3|Aplicacion=Renault Logan / Renault Sandero|Referencia OEM=410605S00
p-0249,BOS-S00249,410601S00,Kit de correa de reparticion con tensor Renault Duster,"Kit completo con correa HNBR, tensor y polea loca. Cambio recomendado cada 90.000 km.",motor,bosch,385000,,138,24,4.5,128,0,Material=HNBR|Piezas=3|Aplicacion=Renault Duster|Referencia OEM=410601S00
p-0250,GAT-S00250,5U0698151S00,Kit de correa de reparticion con tensor Volkswagen Gol / Volkswagen Polo,"Kit completo con correa HNBR, tensor y polea loca. Cambio recomendado cada 90.000 km.",motor,gates,549000,,18,24,4.7,316,0,Material=HNBR|Piezas=3|Aplicacion=Volkswagen Gol / Volkswagen Polo|Referencia OEM=5U0698151S00
p-0251,SKF-S00251,1848120S00,Kit de correa de reparticion con tensor Ford Fiesta,"Kit completo con correa HNBR, tensor y polea loca. Cambio recomendado cada 90.000 km.",motor,skf,440000,,0,24,4.8,94,0,Material=HNBR|Piezas=3|Aplicacion=Ford Fiesta|Referencia OEM=1848120S00
p-0252,GMB-T00252,58101-1RT00,Bomba de agua con empaque Hyundai Accent / Kia Rio,Bomba con sello mecanico de carburo y rodamiento sellado de por vida. Incluye empaque metalico.,motor,gmb,276000,,101,18,4.3,8,0,Empaque=Incluido|Material aspas=Metal|Aplicacion=Hyundai Accent / Kia Rio|Referencia OEM=58101-1RT00
p-0253,GMB-T00253,D1060-4ET00,Bomba de agua con empaque Nissan Qashqai,Bomba con sello mecanico de carburo y rodamiento sellado de por vida. Incluye empaque metalico.,motor,gmb,311000,,40,18,4.7,123,0,Empaque=Incluido|Material aspas=Metal|Aplicacion=Nissan Qashqai|Referencia OEM=D1060-4ET00
p-0254,GMB-T00254,42707T00,Bomba de agua con empaque Chevrolet Onix / Chevrolet Tracker,Bomba con sello mecanico de carburo y rodamiento sellado de por vida. Incluye empaque metalico.,motor,gmb,259000,,60,18,4.5,189,1,Empaque=Incluido|Material aspas=Metal|Aplicacion=Chevrolet Onix / Chevrolet Tracker|Referencia OEM=42707T00
p-0255,GAT-T00255,410605T00,Bomba de agua con empaque Renault Logan / Renault Sandero,Bomba con sello mecanico de carburo y rodamiento sellado de por vida. Incluye empaque metalico.,motor,gates,291000,360000,97,18,4.3,115,0,Empaque=Incluido|Material aspas=Metal|Aplicacion=Renault Logan / Renault Sandero|Referencia OEM=410605T00
p-0256,GMB-T00256,04465-60T00,Bomba de agua con empaque Toyota Prado,Bomba con sello mecanico de carburo y rodamiento sellado de por vida. Incluye empaque metalico.,motor,gmb,349000,,0,18,4.2,293,0,Empaque=Incluido|Material aspas=Metal|Aplicacion=Toyota Prado|Referencia OEM=04465-60T00
p-0257,SKF-T00257,BHY1-33-28T00,Bomba de agua con empaque Mazda Mazda 3 / Mazda Mazda 2,Bomba con sello mecanico de carburo y rodamiento sellado de por vida. Incluye empaque metalico.,motor,skf,193000,,81,18,4.8,22,0,Empaque=Incluido|Material aspas=Metal|Aplicacion=Mazda Mazda 3 / Mazda Mazda 2|Referencia OEM=BHY1-33-28T00
p-0258,GAT-T00258,58101-D3T00,Bomba de agua con empaque Hyundai Tucson / Kia Sportage,Bomba con sello mecanico de carburo y rodamiento sellado de por vida. Incluye empaque metalico.,motor,gates,234000,,98,18,4.7,69,0,Empaque=Incluido|Material aspas=Metal|Aplicacion=Hyundai Tucson / Kia Sportage|Referencia OEM=58101-D3T00
p-0259,GMB-T00259,58101-3XT00,Bomba de agua con empaque Hyundai Elantra / Kia Cerato,Bomba con sello mecanico de carburo y rodamiento sellado de por vida. Incluye empaque metalico.,motor,gmb,349000,435000,2,18,4.1,254,0,Empaque=Incluido|Material aspas=Metal|Aplicacion=Hyundai Elantra / Kia Cerato|Referencia OEM=58101-3XT00
p-0260,SKF-T00260,D1060-1HT00,Bomba de agua con empaque Nissan Versa / Nissan March,Bomba con sello mecanico de carburo y rodamiento sellado de por vida. Incluye empaque metalico.,motor,skf,211000,,0,18,4.6,222,0,Empaque=Incluido|Material aspas=Metal|Aplicacion=Nissan Versa / Nissan March|Referencia OEM=D1060-1HT00
p-0261,SKF-T00261,58302-B4T00,Bomba de agua con empaque Hyundai i10 / Kia Picanto,Bomba con sello mecanico de carburo y rodamiento sellado de por vida. Incluye empaque metalico.,motor,skf,369000,459000,2,18,4.2,130,0,Empaque=Incluido|Material aspas=Metal|Aplicacion=Hyundai i10 / Kia Picanto|Referencia OEM=58302-B4T00
p-0262,SKF-T00262,20911T00,Bomba de agua con empaque Chevrolet Captiva,Bomba con sello mecanico de carburo y rodamiento sellado de por vida. Incluye empaque metalico.,motor,skf,298000,,1,18,4.9,175,0,Empaque=Incluido|Material aspas=Metal|Aplicacion=Chevrolet Captiva|Referencia OEM=20911T00
p-0263,SKF-T00263,410601T00,Bomba de agua con empaque Renault Duster,Bomba con sello mecanico de carburo y rodamiento sellado de por vida. Incluye empaque metalico.,motor,skf,261000,,31,18,4.3,215,0,Empaque=Incluido|Material aspas=Metal|Aplicacion=Renault Duster|Referencia OEM=410601T00
p-0264,GMB-T00264,55810-61MT00,Bomba de agua con empaque Suzuki Swift / Suzuki Vitara,Bomba con sello mecanico de carburo y rodamiento sellado de por vida. Incluye empaque metalico.,motor,gmb,363000,,2,18,4.7,282,0,Empaque=Incluido|Material aspas=Metal|Aplicacion=Suzuki Swift / Suzuki Vitara|Referencia OEM=55810-61MT00
p-0265,FEB-U00265,04465-60U00,Empaque de culata multicapa MLS Toyota Prado,Empaque metalico de 3 capas con recubrimiento elastomerico. Soporta altas presiones de compresion.,motor,febi,127000,,92,12,4.4,49,0,Capas=3|Material=Acero inoxidable|Aplicacion=Toyota Prado|Referencia OEM=04465-60U00
p-0266,FEB-U00266,58302-B4U00,Empaque de culata multicapa MLS Hyundai i10 / Kia Picanto,Empaque metalico de 3 capas con recubrimiento elastomerico. Soporta altas presiones de compresion.,motor,febi,234000,,119,12,4.2,31,0,Capas=3|Material=Acero inoxidable|Aplicacion=Hyundai i10 / Kia Picanto|Referencia OEM=58302-B4U00
p-0267,MAH-U00267,1848120U00,Empaque de culata multicapa MLS Ford Fiesta,Empaque metalico de 3 capas con recubrimiento elastomerico. Soporta altas presiones de compresion.,motor,mahle,126000,,5,12,4.1,315,0,Capas=3|Material=Acero inoxidable|Aplicacion=Ford Fiesta|Referencia OEM=1848120U00
p-0268,FEB-U00268,58101-3XU00,Empaque de culata multicapa MLS Hyundai Elantra / Kia Cerato,Empaque metalico de 3 capas con recubrimiento elastomerico. Soporta altas presiones de compresion.,motor,febi,167000,195000,16,12,4.5,190,0,Capas=3|Material=Acero inoxidable|Aplicacion=Hyundai Elantra / Kia Cerato|Referencia OEM=58101-3XU00
p-0269,MAH-U00269,D1060-1HU00,Empaque de culata multicapa MLS Nissan Versa / Nissan March,Empaque metalico de 3 capas con recubrimiento elastomerico. Soporta altas presiones de compresion.,motor,mahle,240000,,140,12,4.7,64,0,Capas=3|Material=Acero inoxidable|Aplicacion=Nissan Versa / Nissan March|Referencia OEM=D1060-1HU00
p-0270,FEB-U00270,5U0698151U00,Empaque de culata multicapa MLS Volkswagen Gol / Volkswagen Polo,Empaque metalico de 3 capas con recubrimiento elastomerico. Soporta altas presiones de compresion.,motor,febi,192000,,3,12,4.6,111,0,Capas=3|Material=Acero inoxidable|Aplicacion=Volkswagen Gol / Volkswagen Polo|Referencia OEM=5U0698151U00
p-0271,MAH-U00271,42707U00,Empaque de culata multicapa MLS Chevrolet Onix / Chevrolet Tracker,Empaque metalico de 3 capas con recubrimiento elastomerico. Soporta altas presiones de compresion.,motor,mahle,133000,,39,12,4.6,222,0,Capas=3|Material=Acero inoxidable|Aplicacion=Chevrolet Onix / Chevrolet Tracker|Referencia OEM=42707U00
p-0272,MAH-U00272,410609U00,Empaque de culata multicapa MLS Renault Kwid,Empaque metalico de 3 capas con recubrimiento elastomerico. Soporta altas presiones de compresion.,motor,mahle,231000,263000,25,12,4.5,15,0,Capas=3|Material=Acero inoxidable|Aplicacion=Renault Kwid|Referencia OEM=410609U00
p-0273,MAH-U00273,410601U00,Empaque de culata multicapa MLS Renault Duster,Empaque metalico de 3 capas con recubrimiento elastomerico. Soporta altas presiones de compresion.,motor,mahle,191000,,88,12,4.1,90,0,Capas=3|Material=Acero inoxidable|Aplicacion=Renault Duster|Referencia OEM=410601U00
p-0274,DEL-V00274,58302-B4V00,Sensor de oxigeno banda 1 Hyundai i10 / Kia Picanto,Sonda lambda calefactada con conector original. Corrige codigos P0130 a P0135 y normaliza el consumo.,motor,delphi,381000,,4,12,4.6,43,0,Tipo=Calefactado|Conector=Original|Aplicacion=Hyundai i10 / Kia Picanto|Referencia OEM=58302-B4V00
p-0275,DEN-V00275,5U0698151V00,Sensor de oxigeno banda 1 Volkswagen Gol / Volkswagen Polo,Sonda lambda calefactada con conector original. Corrige codigos P0130 a P0135 y normaliza el consumo.,motor,denso,218000,,124,12,4.6,296,0,Tipo=Calefactado|Conector=Original|Aplicacion=Volkswagen Gol / Volkswagen Polo|Referencia OEM=5U0698151V00
p-0276,BOS-V00276,D1060-4EV00,Sensor de oxigeno banda 1 Nissan Qashqai,Sonda lambda calefactada con conector original. Corrige codigos P0130 a P0135 y normaliza el consumo.,motor,bosch,396000,448000,0,12,4.3,145,0,Tipo=Calefactado|Conector=Original|Aplicacion=Nissan Qashqai|Referencia OEM=D1060-4EV00
p-0277,BOS-V00277,410609V00,Sensor de oxigeno banda 1 Renault Kwid,Sonda lambda calefactada con conector original. Corrige codigos P0130 a P0135 y normaliza el consumo.,motor,bosch,423000,,22,12,4.5,14,0,Tipo=Calefactado|Conector=Original|Aplicacion=Renault Kwid|Referencia OEM=410609V00
p-0278,DEL-V00278,1857858V00,Sensor de oxigeno banda 1 Ford Escape,Sonda lambda calefactada con conector original. Corrige codigos P0130 a P0135 y normaliza el consumo.,motor,delphi,277000,,65,12,4.5,268,0,Tipo=Calefactado|Conector=Original|Aplicacion=Ford Escape|Referencia OEM=1857858V00
p-0279,DEL-V00279,D1060-1HV00,Sensor de oxigeno banda 1 Nissan Versa / Nissan March,Sonda lambda calefactada con conector original. Corrige codigos P0130 a P0135 y normaliza el consumo.,motor,delphi,268000,,54,12,4.2,90,0,Tipo=Calefactado|Conector=Original|Aplicacion=Nissan Versa / Nissan March|Referencia OEM=D1060-1HV00
p-0280,BOS-V00280,42707V00,Sensor de oxigeno banda 1 Chevrolet Onix / Chevrolet Tracker,Sonda lambda calefactada con conector original. Corrige codigos P0130 a P0135 y normaliza el consumo.,motor,bosch,425000,539000,105,12,4.2,155,0,Tipo=Calefactado|Conector=Original|Aplicacion=Chevrolet Onix / Chevrolet Tracker|Referencia OEM=42707V00
p-0281,BOS-V00281,04465-0KV00,Sensor de oxigeno banda 1 Toyota Hilux / Ford Ranger,Sonda lambda calefactada con conector original. Corrige codigos P0130 a P0135 y normaliza el consumo.,motor,bosch,348000,433000,74,12,4.6,296,1,Tipo=Calefactado|Conector=Original|Aplicacion=Toyota Hilux / Ford Ranger|Referencia OEM=04465-0KV00
p-0282,BOS-V00282,04465-02V00,Sensor de oxigeno banda 1 Toyota Corolla / Toyota Yaris,Sonda lambda calefactada con conector original. Corrige codigos P0130 a P0135 y normaliza el consumo.,motor,bosch,352000,425000,49,12,4.5,217,1,Tipo=Calefactado|Conector=Original|Aplicacion=Toyota Corolla / Toyota Yaris|Referencia OEM=04465-02V00
p-0283,DEN-V00283,410605V00,Sensor de oxigeno banda 1 Renault Logan / Renault Sandero,Sonda lambda calefactada con conector original. Corrige codigos P0130 a P0135 y normaliza el consumo.,motor,denso,270000,326000,32,12,4.6,27,0,Tipo=Calefactado|Conector=Original|Aplicacion=Renault Logan / Renault Sandero|Referencia OEM=410605V00
p-0284,DEL-V00284,BHY1-33-28V00,Sensor de oxigeno banda 1 Mazda Mazda 3 / Mazda Mazda 2,Sonda lambda calefactada con conector original. Corrige codigos P0130 a P0135 y normaliza el consumo.,motor,delphi,225000,277000,4,12,4.2,36,0,Tipo=Calefactado|Conector=Original|Aplicacion=Mazda Mazda 3 / Mazda Mazda 2|Referencia OEM=BHY1-33-28V00
p-0285,FEB-W00285,410609W00,Termostato con carcasa Renault Kwid,Conjunto listo para instalar con empaque y sensor de temperatura.,motor,febi,126000,147000,5,12,4.9,257,0,Carcasa=Incluida|Empaque=Incluido|Aplicacion=Renault Kwid|Referencia OEM=410609W00
p-0286,GAT-W00286,20911W00,Termostato con carcasa Chevrolet Captiva,Conjunto listo para instalar con empaque y sensor de temperatura.,motor,gates,103000,,0,12,4.5,105,0,Carcasa=Incluida|Empaque=Incluido|Aplicacion=Chevrolet Captiva|Referencia OEM=20911W00
p-0287,MAH-W00287,58302-B4W00,Termostato con carcasa Hyundai i10 / Kia Picanto,Conjunto listo para instalar con empaque y sensor de temperatura.,motor,mahle,86000,,99,12,4.6,164,0,Carcasa=Incluida|Empaque=Incluido|Aplicacion=Hyundai i10 / Kia Picanto|Referencia OEM=58302-B4W00
p-0288,FEB-W00288,1848120W00,Termostato con carcasa Ford Fiesta,Conjunto listo para instalar con empaque y sensor de temperatura.,motor,febi,119000,,104,12,4.1,206,0,Carcasa=Incluida|Empaque=Incluido|Aplicacion=Ford Fiesta|Referencia OEM=1848120W00
p-0289,FEB-W00289,55810-61MW00,Termostato con carcasa Suzuki Swift / Suzuki Vitara,Conjunto listo para instalar con empaque y sensor de temperatura.,motor,febi,121000,,94,12,4.9,113,0,Carcasa=Incluida|Empaque=Incluido|Aplicacion=Suzuki Swift / Suzuki Vitara|Referencia OEM=55810-61MW00
p-0290,FEB-W00290,42707W00,Termostato con carcasa Chevrolet Onix / Chevrolet Tracker,Conjunto listo para instalar con empaque y sensor de temperatura.,motor,febi,67000,78000,91,12,4.7,221,0,Carcasa=Incluida|Empaque=Incluido|Aplicacion=Chevrolet Onix / Chevrolet Tracker|Referencia OEM=42707W00
p-0291,FEB-W00291,04465-0KW00,Termostato con carcasa Toyota Hilux / Ford Ranger,Conjunto listo para instalar con empaque y sensor de temperatura.,motor,febi,91000,,98,12,4.7,169,0,Carcasa=Incluida|Empaque=Incluido|Aplicacion=Toyota Hilux / Ford Ranger|Referencia OEM=04465-0KW00
p-0292,GAT-W00292,BHY1-33-28W00,Termostato con carcasa Mazda Mazda 3 / Mazda Mazda 2,Conjunto listo para instalar con empaque y sensor de temperatura.,motor,gates,63000,,0,12,4.2,170,0,Carcasa=Incluida|Empaque=Incluido|Aplicacion=Mazda Mazda 3 / Mazda Mazda 2|Referencia OEM=BHY1-33-28W00
p-0293,FEB-W00293,1857858W00,Termostato con carcasa Ford Escape,Conjunto listo para instalar con empaque y sensor de temperatura.,motor,febi,116000,137000,124,12,4.7,74,0,Carcasa=Incluida|Empaque=Incluido|Aplicacion=Ford Escape|Referencia OEM=1857858W00
p-0294,MAH-W00294,5U0698151W00,Termostato con carcasa Volkswagen Gol / Volkswagen Polo,Conjunto listo para instalar con empaque y sensor de temperatura.,motor,mahle,167000,,24,12,4.3,136,0,Carcasa=Incluida|Empaque=Incluido|Aplicacion=Volkswagen Gol / Volkswagen Polo|Referencia OEM=5U0698151W00
p-0295,MAH-W00295,95priorityW00,Termostato con carcasa Chevrolet Spark GT / Chevrolet Sail,Conjunto listo para instalar con empaque y sensor de temperatura.,motor,mahle,116000,,130,12,4.2,318,0,Carcasa=Incluida|Empaque=Incluido|Aplicacion=Chevrolet Spark GT / Chevrolet Sail|Referencia OEM=95priorityW00
p-0296,MAH-W00296,410605W00,Termostato con carcasa Renault Logan / Renault Sandero,Conjunto listo para instalar con empaque y sensor de temperatura.,motor,mahle,106000,,0,12,4.5,262,0,Carcasa=Incluida|Empaque=Incluido|Aplicacion=Renault Logan / Renault Sandero|Referencia OEM=410605W00
p-0297,SAC-X00297,58101-3XX00,Kit de embrague 3 piezas Hyundai Elantra / Kia Cerato,"Disco, prensa y collarin de una sola marca. Pedal suave y agarre progresivo desde el primer kilometro.",transmision,sachs,1124000,,20,24,4.7,57,0,Piezas=3|Collarin=Incluido|Aplicacion=Hyundai Elantra / Kia Cerato|Referencia OEM=58101-3XX00
p-0298,ZFG-X00298,1857858X00,Kit de embrague 3 piezas Ford Escape,"Disco, prensa y collarin de una sola marca. Pedal suave y agarre progresivo desde el primer kilometro.",transmision,zf,1040000,,3,24,4.3,295,0,Piezas=3|Collarin=Incluido|Aplicacion=Ford Escape|Referencia OEM=1857858X00
p-0299,VAL-X00299,58101-1RX00,Kit de embrague 3 piezas Hyundai Accent / Kia Rio,"Disco, prensa y collarin de una sola marca. Pedal suave y agarre progresivo desde el primer kilometro.",transmision,valeo,1128000,1355000,2,24,4.7,130,0,Piezas=3|Collarin=Incluido|Aplicacion=Hyundai Accent / Kia Rio|Referencia OEM=58101-1RX00
p-0300,VAL-X00300,1848120X00,Kit de embrague 3 piezas Ford Fiesta,"Disco, prensa y collarin de una sola marca. Pedal suave y agarre progresivo desde el primer kilometro.",transmision,valeo,679000,,119,24,4.2,72,0,Piezas=3|Collarin=Incluido|Aplicacion=Ford Fiesta|Referencia OEM=1848120X00
p-0301,VAL-X00301,58302-B4X00,Kit de embrague 3 piezas Hyundai i10 / Kia Picanto,"Disco, prensa y collarin de una sola marca. Pedal suave y agarre progresivo desde el primer kilometro.",transmision,valeo,1333000,1591000,36,24,4.6,113,1,Piezas=3|Collarin=Incluido|Aplicacion=Hyundai i10 / Kia Picanto|Referencia OEM=58302-B4X00
p-0302,SAC-X00302,58101-D3X00,Kit de embrague 3 piezas Hyundai Tucson / Kia Sportage,"Disco, prensa y collarin de una sola marca. Pedal suave y agarre progresivo desde el primer kilometro.",transmision,sachs,1295000,1571000,93,24,4.6,254,0,Piezas=3|Collarin=Incluido|Aplicacion=Hyundai Tucson / Kia Sportage|Referencia OEM=58101-D3X00
p-0303,VAL-X00303,20911X00,Kit de embrague 3 piezas Chevrolet Captiva,"Disco, prensa y collarin de una sola marca. Pedal suave y agarre progresivo desde el primer kilometro.",transmision,valeo,1081000,,26,24,4.4,153,0,Piezas=3|Collarin=Incluido|Aplicacion=Chevrolet Captiva|Referencia OEM=20911X00
p-0304,VAL-X00304,410601X00,Kit de embrague 3 piezas Renault Duster,"Disco, prensa y collarin de una sola marca. Pedal suave y agarre progresivo desde el primer kilometro.",transmision,valeo,1385000,,130,24,4.6,40,0,Piezas=3|Collarin=Incluido|Aplicacion=Renault Duster|Referencia OEM=410601X00
p-0305,SAC-X00305,D1060-4EX00,Kit de embrague 3 piezas Nissan Qashqai,"Disco, prensa y collarin de una sola marca. Pedal suave y agarre progresivo desde el primer kilometro.",transmision,sachs,682000,,53,24,4.1,279,0,Piezas=3|Collarin=Incluido|Aplicacion=Nissan Qashqai|Referencia OEM=D1060-4EX00
p-0306,VAL-X00306,42707X00,Kit de embrague 3 piezas Chevrolet Onix / Chevrolet Tracker,"Disco, prensa y collarin de una sola marca. Pedal suave y agarre progresivo desde el primer kilometro.",transmision,valeo,1107000,,0,24,4.6,309,0,Piezas=3|Collarin=Incluido|Aplicacion=Chevrolet Onix / Chevrolet Tracker|Referencia OEM=42707X00
p-0307,SAC-X00307,410609X00,Kit de embrague 3 piezas Renault Kwid,"Disco, prensa y collarin de una sola marca. Pedal suave y agarre progresivo desde el primer kilometro.",transmision,sachs,1106000,1374000,126,24,4.7,190,0,Piezas=3|Collarin=Incluido|Aplicacion=Renault Kwid|Referencia OEM=410609X00
p-0308,VAL-X00308,04465-02X00,Kit de embrague 3 piezas Toyota Corolla / Toyota Yaris,"Disco, prensa y collarin de una sola marca. Pedal suave y agarre progresivo desde el primer kilometro.",transmision,valeo,1373000,,137,24,4.2,299,0,Piezas=3|Collarin=Incluido|Aplicacion=Toyota Corolla / Toyota Yaris|Referencia OEM=04465-02X00
p-0309,SAC-X00309,95priorityX00,Kit de embrague 3 piezas Chevrolet Spark GT / Chevrolet Sail,"Disco, prensa y collarin de una sola marca. Pedal suave y agarre progresivo desde el primer kilometro.",transmision,sachs,1073000,1354000,100,24,4.2,136,0,Piezas=3|Collarin=Incluido|Aplicacion=Chevrolet Spark GT / Chevrolet Sail|Referencia OEM=95priorityX00
p-0310,VAL-X00310,04465-0KX00,Kit de embrague 3 piezas Toyota Hilux / Ford Ranger,"Disco, prensa y collarin de una sola marca. Pedal suave y agarre progresivo desde el primer kilometro.",transmision,valeo,955000,,80,24,4.2,209,0,Piezas=3|Collarin=Incluido|Aplicacion=Toyota Hilux / Ford Ranger|Referencia OEM=04465-0KX00
p-0311,SAC-Y00311,58101-D3Y00,Rodamiento de embrague (collarin) Hyundai Tucson / Kia Sportage,Collarin sellado y lubricado de por vida. Reduce el ruido al pisar el pedal de embrague.,transmision,sachs,161000,,123,12,4.5,74,0,Lubricacion=De por vida|Aplicacion=Hyundai Tucson / Kia Sportage|Referencia OEM=58101-D3Y00
p-0312,SAC-Y00312,95priorityY00,Rodamiento de embrague (collarin) Chevrolet Spark GT / Chevrolet Sail,Collarin sellado y lubricado de por vida. Reduce el ruido al pisar el pedal de embrague.,transmision,sachs,155000,,3,12,4.6,286,0,Lubricacion=De por vida|Aplicacion=Chevrolet Spark GT / Chevrolet Sail|Referencia OEM=95priorityY00
p-0313,SAC-Y00313,58101-3XY00,Rodamiento de embrague (collarin) Hyundai Elantra / Kia Cerato,Collarin sellado y lubricado de por vida. Reduce el ruido al pisar el pedal de embrague.,transmision,sachs,153000,,17,12,4.4,310,0,Lubricacion=De por vida|Aplicacion=Hyundai Elantra / Kia Cerato|Referencia OEM=58101-3XY00
p-0314,SKF-Y00314,42707Y00,Rodamiento de embrague (collarin) Chevrolet Onix / Chevrolet Tracker,Collarin sellado y lubricado de por vida. Reduce el ruido al pisar el pedal de embrague.,transmision,skf,157000,,0,12,4.2,187,0,Lubricacion=De por vida|Aplicacion=Chevrolet Onix / Chevrolet Tracker|Referencia OEM=42707Y00
p-0315,VAL-Y00315,04465-02Y00,Rodamiento de embrague (collarin) Toyota Corolla / Toyota Yaris,Collarin sellado y lubricado de por vida. Reduce el ruido al pisar el pedal de embrague.,transmision,valeo,149000,,36,12,4.7,108,0,Lubricacion=De por vida|Aplicacion=Toyota Corolla / Toyota Yaris|Referencia OEM=04465-02Y00
p-0316,SKF-Y00316,410605Y00,Rodamiento de embrague (collarin) Renault Logan / Renault Sandero,Collarin sellado y lubricado de por vida. Reduce el ruido al pisar el pedal de embrague.,transmision,skf,197000,,70,12,4.4,302,0,Lubricacion=De por vida|Aplicacion=Renault Logan / Renault Sandero|Referencia OEM=410605Y00
p-0317,SKF-Y00317,D1060-4EY00,Rodamiento de embrague (collarin) Nissan Qashqai,Collarin sellado y lubricado de por vida. Reduce el ruido al pisar el pedal de embrague.,transmision,skf,112000,,0,12,4.9,135,0,Lubricacion=De por vida|Aplicacion=Nissan Qashqai|Referencia OEM=D1060-4EY00
p-0318,SKF-Y00318,1848120Y00,Rodamiento de embrague (collarin) Ford Fiesta,Collarin sellado y lubricado de por vida. Reduce el ruido al pisar el pedal de embrague.,transmision,skf,146000,,104,12,4.5,180,1,Lubricacion=De por vida|Aplicacion=Ford Fiesta|Referencia OEM=1848120Y00
p-0319,VAL-Y00319,58101-1RY00,Rodamiento de embrague (collarin) Hyundai Accent / Kia Rio,Collarin sellado y lubricado de por vida. Reduce el ruido al pisar el pedal de embrague.,transmision,valeo,172000,,5,12,4.7,266,0,Lubricacion=De por vida|Aplicacion=Hyundai Accent / Kia Rio|Referencia OEM=58101-1RY00
p-0320,SKF-Y00320,1857858Y00,Rodamiento de embrague (collarin) Ford Escape,Collarin sellado y lubricado de por vida. Reduce el ruido al pisar el pedal de embrague.,transmision,skf,105000,,136,12,4.8,77,0,Lubricacion=De por vida|Aplicacion=Ford Escape|Referencia OEM=1857858Y00
p-0321,VAL-Y00321,04465-0KY00,Rodamiento de embrague (collarin) Toyota Hilux / Ford Ranger,Collarin sellado y lubricado de por vida. Reduce el ruido al pisar el pedal de embrague.,transmision,valeo,138000,162000,55,12,4.7,53,0,Lubricacion=De por vida|Aplicacion=Toyota Hilux / Ford Ranger|Referencia OEM=04465-0KY00
p-0322,SKF-Z00322,58302-B4Z00,Homocinetica lado rueda Hyundai i10 / Kia Picanto,Junta homocinetica con guardapolvo y grasa de bisulfuro incluidos. Elimina el chasquido al girar.,transmision,skf,354000,,56,12,4.5,159,0,Incluye=Guardapolvo y grasa|Aplicacion=Hyundai i10 / Kia Picanto|Referencia OEM=58302-B4Z00
p-0323,FEB-Z00323,58101-3XZ00,Homocinetica lado rueda Hyundai Elantra / Kia Cerato,Junta homocinetica con guardapolvo y grasa de bisulfuro incluidos. Elimina el chasquido al girar.,transmision,febi,314000,,106,12,4.5,139,0,Incluye=Guardapolvo y grasa|Aplicacion=Hyundai Elantra / Kia Cerato|Referencia OEM=58101-3XZ00
p-0324,FEB-Z00324,04465-60Z00,Homocinetica lado rueda Toyota Prado,Junta homocinetica con guardapolvo y grasa de bisulfuro incluidos. Elimina el chasquido al girar.,transmision,febi,236000,,32,12,4.9,58,0,Incluye=Guardapolvo y grasa|Aplicacion=Toyota Prado|Referencia OEM=04465-60Z00
p-0325,SKF-Z00325,95priorityZ00,Homocinetica lado rueda Chevrolet Spark GT / Chevrolet Sail,Junta homocinetica con guardapolvo y grasa de bisulfuro incluidos. Elimina el chasquido al girar.,transmision,skf,376000,,6,12,4.8,81,0,Incluye=Guardapolvo y grasa|Aplicacion=Chevrolet Spark GT / Chevrolet Sail|Referencia OEM=95priorityZ00
p-0326,SKF-Z00326,04465-02Z00,Homocinetica lado rueda Toyota Corolla / Toyota Yaris,Junta homocinetica con guardapolvo y grasa de bisulfuro incluidos. Elimina el chasquido al girar.,transmision,skf,391000,,0,12,4.5,317,0,Incluye=Guardapolvo y grasa|Aplicacion=Toyota Corolla / Toyota Yaris|Referencia OEM=04465-02Z00
p-0327,GSP-Z00327,D1060-1HZ00,Homocinetica lado rueda Nissan Versa / Nissan March,Junta homocinetica con guardapolvo y grasa de bisulfuro incluidos. Elimina el chasquido al girar.,transmision,gsp,229000,,30,12,4.8,160,0,Incluye=Guardapolvo y grasa|Aplicacion=Nissan Versa / Nissan March|Referencia OEM=D1060-1HZ00
p-0328,SKF-Z00328,D1060-4EZ00,Homocinetica lado rueda Nissan Qashqai,Junta homocinetica con guardapolvo y grasa de bisulfuro incluidos. Elimina el chasquido al girar.,transmision,skf,400000,,4,12,4.9,251,0,Incluye=Guardapolvo y grasa|Aplicacion=Nissan Qashqai|Referencia OEM=D1060-4EZ00
p-0329,SKF-Z00329,410601Z00,Homocinetica lado rueda Renault Duster,Junta homocinetica con guardapolvo y grasa de bisulfuro incluidos. Elimina el chasquido al girar.,transmision,skf,346000,444000,7,12,4.3,297,1,Incluye=Guardapolvo y grasa|Aplicacion=Renault Duster|Referencia OEM=410601Z00
p-0330,SKF-Z00330,1848120Z00,Homocinetica lado rueda Ford Fiesta,Junta homocinetica con guardapolvo y grasa de bisulfuro incluidos. Elimina el chasquido al girar.,transmision,skf,228000,,37,12,4.7,166,0,Incluye=Guardapolvo y grasa|Aplicacion=Ford Fiesta|Referencia OEM=1848120Z00
p-0331,GSP-Z00331,BHY1-33-28Z00,Homocinetica lado rueda Mazda Mazda 3 / Mazda Mazda 2,Junta homocinetica con guardapolvo y grasa de bisulfuro incluidos. Elimina el chasquido al girar.,transmision,gsp,403000,480000,44,12,4.6,126,0,Incluye=Guardapolvo y grasa|Aplicacion=Mazda Mazda 3 / Mazda Mazda 2|Referencia OEM=BHY1-33-28Z00
p-0332,FEB-Z00332,58101-D3Z00,Homocinetica lado rueda Hyundai Tucson / Kia Sportage,Junta homocinetica con guardapolvo y grasa de bisulfuro incluidos. Elimina el chasquido al girar.,transmision,febi,269000,324000,122,12,4.8,77,0,Incluye=Guardapolvo y grasa|Aplicacion=Hyundai Tucson / Kia Sportage|Referencia OEM=58101-D3Z00
p-0333,FEB-Z00333,04465-0KZ00,Homocinetica lado rueda Toyota Hilux / Ford Ranger,Junta homocinetica con guardapolvo y grasa de bisulfuro incluidos. Elimina el chasquido al girar.,transmision,febi,255000,,15,12,4.1,106,0,Incluye=Guardapolvo y grasa|Aplicacion=Toyota Hilux / Ford Ranger|Referencia OEM=04465-0KZ00
p-0334,FEB-AA0334,1857858AA0,Cruceta de cardan Ford Escape,Cruceta con agujas de acero templado y graseras laterales para mantenimiento periodico.,transmision,febi,81000,,134,12,4.5,39,1,Graseras=Si|Aplicacion=Ford Escape|Referencia OEM=1857858AA0
p-0335,SKF-AA0335,58101-3XAA0,Cruceta de cardan Hyundai Elantra / Kia Cerato,Cruceta con agujas de acero templado y graseras laterales para mantenimiento periodico.,transmision,skf,90000,,82,12,4.2,254,0,Graseras=Si|Aplicacion=Hyundai Elantra / Kia Cerato|Referencia OEM=58101-3XAA0
p-0336,SKF-AA0336,95priorityAA0,Cruceta de cardan Chevrolet Spark GT / Chevrolet Sail,Cruceta con agujas de acero templado y graseras laterales para mantenimiento periodico.,transmision,skf,116000,,75,12,4.7,23,0,Graseras=Si|Aplicacion=Chevrolet Spark GT / Chevrolet Sail|Referencia OEM=95priorityAA0
p-0337,SKF-AA0337,D1060-4EAA0,Cruceta de cardan Nissan Qashqai,Cruceta con agujas de acero templado y graseras laterales para mantenimiento periodico.,transmision,skf,64000,79000,133,12,4.2,157,1,Graseras=Si|Aplicacion=Nissan Qashqai|Referencia OEM=D1060-4EAA0
p-0338,SKF-AA0338,04465-0KAA0,Cruceta de cardan Toyota Hilux / Ford Ranger,Cruceta con agujas de acero templado y graseras laterales para mantenimiento periodico.,transmision,skf,75000,95000,127,12,4.3,28,0,Graseras=Si|Aplicacion=Toyota Hilux / Ford Ranger|Referencia OEM=04465-0KAA0
p-0339,FEB-AA0339,58302-B4AA0,Cruceta de cardan Hyundai i10 / Kia Picanto,Cruceta con agujas de acero templado y graseras laterales para mantenimiento periodico.,transmision,febi,50000,64000,129,12,4.7,141,0,Graseras=Si|Aplicacion=Hyundai i10 / Kia Picanto|Referencia OEM=58302-B4AA0
p-0340,ACD-AB0340,58101-D3AB0,Bateria 12V libre de mantenimiento Hyundai Tucson / Kia Sportage,Bateria libre de mantenimiento con rejilla de alta conductividad. Arranque confiable en clima frio y alta demanda electrica.,electrico,acdelco,512000,,122,18,4.7,53,0,Voltaje=12 V|Mantenimiento=Libre|Aplicacion=Hyundai Tucson / Kia Sportage|Referencia OEM=58101-D3AB0
p-0341,ACD-AB0341,20911AB0,Bateria 12V libre de mantenimiento Chevrolet Captiva,Bateria libre de mantenimiento con rejilla de alta conductividad. Arranque confiable en clima frio y alta demanda electrica.,electrico,acdelco,430000,,134,18,4.8,303,0,Voltaje=12 V|Mantenimiento=Libre|Aplicacion=Chevrolet Captiva|Referencia OEM=20911AB0
p-0342,ACD-AB0342,95priorityAB0,Bateria 12V libre de mantenimiento Chevrolet Spark GT / Chevrolet Sail,Bateria libre de mantenimiento con rejilla de alta conductividad. Arranque confiable en clima frio y alta demanda electrica.,electrico,acdelco,445000,569000,0,18,4.8,188,0,Voltaje=12 V|Mantenimiento=Libre|Aplicacion=Chevrolet Spark GT / Chevrolet Sail|Referencia OEM=95priorityAB0
p-0343,BOS-AB0343,410605AB0,Bateria 12V libre de mantenimiento Renault Logan / Renault Sandero,Bateria libre de mantenimiento con rejilla de alta conductividad. Arranque confiable en clima frio y alta demanda electrica.,electrico,bosch,566000,,55,18,4.8,250,0,Voltaje=12 V|Mantenimiento=Libre|Aplicacion=Renault Logan / Renault Sandero|Referencia OEM=410605AB0
p-0344,BOS-AB0344,D1060-4EAB0,Bateria 12V libre de mantenimiento Nissan Qashqai,Bateria libre de mantenimiento con rejilla de alta conductividad. Arranque confiable en clima frio y alta demanda electrica.,electrico,bosch,339000,,69,18,4.6,320,0,Voltaje=12 V|Mantenimiento=Libre|Aplicacion=Nissan Qashqai|Referencia OEM=D1060-4EAB0
p-0345,ACD-AB0345,D1060-1HAB0,Bateria 12V libre de mantenimiento Nissan Versa / Nissan March,Bateria libre de mantenimiento con rejilla de alta conductividad. Arranque confiable en clima frio y alta demanda electrica.,electrico,acdelco,326000,373000,78,18,4.8,96,0,Voltaje=12 V|Mantenimiento=Libre|Aplicacion=Nissan Versa / Nissan March|Referencia OEM=D1060-1HAB0
p-0346,BOS-AB0346,BHY1-33-28AB0,Bateria 12V libre de mantenimiento Mazda Mazda 3 / Mazda Mazda 2,Bateria libre de mantenimiento con rejilla de alta conductividad. Arranque confiable en clima frio y alta demanda electrica.,electrico,bosch,609000,,6,18,4.7,257,0,Voltaje=12 V|Mantenimiento=Libre|Aplicacion=Mazda Mazda 3 / Mazda Mazda 2|Referencia OEM=BHY1-33-28AB0
p-0347,ACD-AB0347,55810-61MAB0,Bateria 12V libre de mantenimiento Suzuki Swift / Suzuki Vitara,Bateria libre de mantenimiento con rejilla de alta conductividad. Arranque confiable en clima frio y alta demanda electrica.,electrico,acdelco,422000,,129,18,4.8,140,0,Voltaje=12 V|Mantenimiento=Libre|Aplicacion=Suzuki Swift / Suzuki Vitara|Referencia OEM=55810-61MAB0
p-0348,BOS-AB0348,58101-1RAB0,Bateria 12V libre de mantenimiento Hyundai Accent / Kia Rio,Bateria libre de mantenimiento con rejilla de alta conductividad. Arranque confiable en clima frio y alta demanda electrica.,electrico,bosch,680000,,1,18,4.6,155,0,Voltaje=12 V|Mantenimiento=Libre|Aplicacion=Hyundai Accent / Kia Rio|Referencia OEM=58101-1RAB0
p-0349,BOS-AB0349,410609AB0,Bateria 12V libre de mantenimiento Renault Kwid,Bateria libre de mantenimiento con rejilla de alta conductividad. Arranque confiable en clima frio y alta demanda electrica.,electrico,bosch,404000,,90,18,4.5,58,0,Voltaje=12 V|Mantenimiento=Libre|Aplicacion=Renault Kwid|Referencia OEM=410609AB0
p-0350,BOS-AB0350,58101-3XAB0,Bateria 12V libre de mantenimiento Hyundai Elantra / Kia Cerato,Bateria libre de mantenimiento con rejilla de alta conductividad. Arranque confiable en clima frio y alta demanda electrica.,electrico,bosch,640000,,1,18,4.2,197,0,Voltaje=12 V|Mantenimiento=Libre|Aplicacion=Hyundai Elantra / Kia Cerato|Referencia OEM=58101-3XAB0
p-0351,BOS-AB0351,1857858AB0,Bateria 12V libre de mantenimiento Ford Escape,Bateria libre de mantenimiento con rejilla de alta conductividad. Arranque confiable en clima frio y alta demanda electrica.,electrico,bosch,476000,,2,18,4.6,81,0,Voltaje=12 V|Mantenimiento=Libre|Aplicacion=Ford Escape|Referencia OEM=1857858AB0
p-0352,ACD-AB0352,42707AB0,Bateria 12V libre de mantenimiento Chevrolet Onix / Chevrolet Tracker,Bateria libre de mantenimiento con rejilla de alta conductividad. Arranque confiable en clima frio y alta demanda electrica.,electrico,acdelco,333000,,4,18,4.9,22,0,Voltaje=12 V|Mantenimiento=Libre|Aplicacion=Chevrolet Onix / Chevrolet Tracker|Referencia OEM=42707AB0
p-0353,BOS-AB0353,04465-0KAB0,Bateria 12V libre de mantenimiento Toyota Hilux / Ford Ranger,Bateria libre de mantenimiento con rejilla de alta conductividad. Arranque confiable en clima frio y alta demanda electrica.,electrico,bosch,599000,671000,127,18,4.6,61,0,Voltaje=12 V|Mantenimiento=Libre|Aplicacion=Toyota Hilux / Ford Ranger|Referencia OEM=04465-0KAB0
p-0354,DEN-AC0354,1857858AC0,Alternador con regulador integrado Ford Escape,Alternador con regulador integrado y polea de rueda libre. Probado en banco antes del despacho.,electrico,denso,1261000,1636000,131,24,4.1,294,0,Voltaje=12 V|Polea=Rueda libre|Aplicacion=Ford Escape|Referencia OEM=1857858AC0
p-0355,BOS-AC0355,04465-0KAC0,Alternador con regulador integrado Toyota Hilux / Ford Ranger,Alternador con regulador integrado y polea de rueda libre. Probado en banco antes del despacho.,electrico,bosch,1462000,1732000,31,24,4.2,299,0,Voltaje=12 V|Polea=Rueda libre|Aplicacion=Toyota Hilux / Ford Ranger|Referencia OEM=04465-0KAC0
p-0356,DEN-AC0356,04465-60AC0,Alternador con regulador integrado Toyota Prado,Alternador con regulador integrado y polea de rueda libre. Probado en banco antes del despacho.,electrico,denso,1352000,,14,24,4.3,217,0,Voltaje=12 V|Polea=Rueda libre|Aplicacion=Toyota Prado|Referencia OEM=04465-60AC0
p-0357,DEN-AC0357,D1060-1HAC0,Alternador con regulador integrado Nissan Versa / Nissan March,Alternador con regulador integrado y polea de rueda libre. Probado en banco antes del despacho.,electrico,denso,1099000,1256000,88,24,4.5,35,0,Voltaje=12 V|Polea=Rueda libre|Aplicacion=Nissan Versa / Nissan March|Referencia OEM=D1060-1HAC0
p-0358,DEN-AC0358,58302-B4AC0,Alternador con regulador integrado Hyundai i10 / Kia Picanto,Alternador con regulador integrado y polea de rueda libre. Probado en banco antes del despacho.,electrico,denso,1528000,,12,24,4.3,94,0,Voltaje=12 V|Polea=Rueda libre|Aplicacion=Hyundai i10 / Kia Picanto|Referencia OEM=58302-B4AC0
p-0359,BOS-AC0359,410601AC0,Alternador con regulador integrado Renault Duster,Alternador con regulador integrado y polea de rueda libre. Probado en banco antes del despacho.,electrico,bosch,854000,,22,24,4.2,116,0,Voltaje=12 V|Polea=Rueda libre|Aplicacion=Renault Duster|Referencia OEM=410601AC0
p-0360,BOS-AC0360,410609AC0,Alternador con regulador integrado Renault Kwid,Alternador con regulador integrado y polea de rueda libre. Probado en banco antes del despacho.,electrico,bosch,1239000,,74,24,4.4,275,0,Voltaje=12 V|Polea=Rueda libre|Aplicacion=Renault Kwid|Referencia OEM=410609AC0
p-0361,DEN-AC0361,58101-3XAC0,Alternador con regulador integrado Hyundai Elantra / Kia Cerato,Alternador con regulador integrado y polea de rueda libre. Probado en banco antes del despacho.,electrico,denso,1206000,,28,24,4.2,248,0,Voltaje=12 V|Polea=Rueda libre|Aplicacion=Hyundai Elantra / Kia Cerato|Referencia OEM=58101-3XAC0
p-0362,BOS-AC0362,410605AC0,Alternador con regulador integrado Renault Logan / Renault Sandero,Alternador con regulador integrado y polea de rueda libre. Probado en banco antes del despacho.,electrico,bosch,1436000,,101,24,4.8,194,0,Voltaje=12 V|Polea=Rueda libre|Aplicacion=Renault Logan / Renault Sandero|Referencia OEM=410605AC0
p-0363,BOS-AC0363,58101-1RAC0,Alternador con regulador integrado Hyundai Accent / Kia Rio,Alternador con regulador integrado y polea de rueda libre. Probado en banco antes del despacho.,electrico,bosch,1394000,1684000,111,24,4.5,234,0,Voltaje=12 V|Polea=Rueda libre|Aplicacion=Hyundai Accent / Kia Rio|Referencia OEM=58101-1RAC0
p-0364,DEN-AC0364,55810-61MAC0,Alternador con regulador integrado Suzuki Swift / Suzuki Vitara,Alternador con regulador integrado y polea de rueda libre. Probado en banco antes del despacho.,electrico,denso,822000,,107,24,4.1,312,0,Voltaje=12 V|Polea=Rueda libre|Aplicacion=Suzuki Swift / Suzuki Vitara|Referencia OEM=55810-61MAC0
p-0365,BOS-AC0365,42707AC0,Alternador con regulador integrado Chevrolet Onix / Chevrolet Tracker,Alternador con regulador integrado y polea de rueda libre. Probado en banco antes del despacho.,electrico,bosch,1121000,,14,24,4.7,224,0,Voltaje=12 V|Polea=Rueda libre|Aplicacion=Chevrolet Onix / Chevrolet Tracker|Referencia OEM=42707AC0
p-0366,NGK-AD0366,95priorityAD0,Bujias de iridio juego x4 Chevrolet Spark GT / Chevrolet Sail,"Electrodo central de iridio de 0,6 mm. Encendido mas estable y hasta 100.000 km de vida util.",electrico,ngk,256000,294000,61,12,4.7,15,0,Cantidad=4 unidades|Electrodo=Iridio|Aplicacion=Chevrolet Spark GT / Chevrolet Sail|Referencia OEM=95priorityAD0
p-0367,DEN-AD0367,410609AD0,Bujias de iridio juego x4 Renault Kwid,"Electrodo central de iridio de 0,6 mm. Encendido mas estable y hasta 100.000 km de vida util.",electrico,denso,209000,,3,12,4.7,306,0,Cantidad=4 unidades|Electrodo=Iridio|Aplicacion=Renault Kwid|Referencia OEM=410609AD0
p-0368,DEN-AD0368,D1060-1HAD0,Bujias de iridio juego x4 Nissan Versa / Nissan March,"Electrodo central de iridio de 0,6 mm. Encendido mas estable y hasta 100.000 km de vida util.",electrico,denso,187000,,89,12,4.4,143,0,Cantidad=4 unidades|Electrodo=Iridio|Aplicacion=Nissan Versa / Nissan March|Referencia OEM=D1060-1HAD0
p-0369,NGK-AD0369,58101-D3AD0,Bujias de iridio juego x4 Hyundai Tucson / Kia Sportage,"Electrodo central de iridio de 0,6 mm. Encendido mas estable y hasta 100.000 km de vida util.",electrico,ngk,192000,,78,12,4.4,285,1,Cantidad=4 unidades|Electrodo=Iridio|Aplicacion=Hyundai Tucson / Kia Sportage|Referencia OEM=58101-D3AD0
p-0370,DEN-AD0370,58101-3XAD0,Bujias de iridio juego x4 Hyundai Elantra / Kia Cerato,"Electrodo central de iridio de 0,6 mm. Encendido mas estable y hasta 100.000 km de vida util.",electrico,denso,189000,,48,12,4.7,217,0,Cantidad=4 unidades|Electrodo=Iridio|Aplicacion=Hyundai Elantra / Kia Cerato|Referencia OEM=58101-3XAD0
p-0371,BOS-AD0371,410601AD0,Bujias de iridio juego x4 Renault Duster,"Electrodo central de iridio de 0,6 mm. Encendido mas estable y hasta 100.000 km de vida util.",electrico,bosch,152000,,9,12,4.5,192,1,Cantidad=4 unidades|Electrodo=Iridio|Aplicacion=Renault Duster|Referencia OEM=410601AD0
p-0372,DEN-AD0372,D1060-4EAD0,Bujias de iridio juego x4 Nissan Qashqai,"Electrodo central de iridio de 0,6 mm. Encendido mas estable y hasta 100.000 km de vida util.",electrico,denso,236000,305000,0,12,4.8,295,0,Cantidad=4 unidades|Electrodo=Iridio|Aplicacion=Nissan Qashqai|Referencia OEM=D1060-4EAD0
p-0373,NGK-AD0373,1848120AD0,Bujias de iridio juego x4 Ford Fiesta,"Electrodo central de iridio de 0,6 mm. Encendido mas estable y hasta 100.000 km de vida util.",electrico,ngk,181000,,11,12,4.2,260,0,Cantidad=4 unidades|Electrodo=Iridio|Aplicacion=Ford Fiesta|Referencia OEM=1848120AD0
p-0374,BOS-AD0374,58302-B4AD0,Bujias de iridio juego x4 Hyundai i10 / Kia Picanto,"Electrodo central de iridio de 0,6 mm. Encendido mas estable y hasta 100.000 km de vida util.",electrico,bosch,222000,,112,12,4.8,64,0,Cantidad=4 unidades|Electrodo=Iridio|Aplicacion=Hyundai i10 / Kia Picanto|Referencia OEM=58302-B4AD0
p-0375,BOS-AD0375,BHY1-33-28AD0,Bujias de iridio juego x4 Mazda Mazda 3 / Mazda Mazda 2,"Electrodo central de iridio de 0,6 mm. Encendido mas estable y hasta 100.000 km de vida util.",electrico,bosch,168000,210000,139,12,4.5,241,0,Cantidad=4 unidades|Electrodo=Iridio|Aplicacion=Mazda Mazda 3 / Mazda Mazda 2|Referencia OEM=BHY1-33-28AD0
p-0376,BOS-AD0376,5U0698151AD0,Bujias de iridio juego x4 Volkswagen Gol / Volkswagen Polo,"Electrodo central de iridio de 0,6 mm. Encendido mas estable y hasta 100.000 km de vida util.",electrico,bosch,202000,,64,12,4.7,71,1,Cantidad=4 unidades|Electrodo=Iridio|Aplicacion=Volkswagen Gol / Volkswagen Polo|Referencia OEM=5U0698151AD0
p-0377,NGK-AD0377,04465-0KAD0,Bujias de iridio juego x4 Toyota Hilux / Ford Ranger,"Electrodo central de iridio de 0,6 mm. Encendido mas estable y hasta 100.000 km de vida util.",electrico,ngk,99000,,74,12,4.6,20,0,Cantidad=4 unidades|Electrodo=Iridio|Aplicacion=Toyota Hilux / Ford Ranger|Referencia OEM=04465-0KAD0
p-0378,NGK-AD0378,04465-02AD0,Bujias de iridio juego x4 Toyota Corolla / Toyota Yaris,"Electrodo central de iridio de 0,6 mm. Encendido mas estable y hasta 100.000 km de vida util.",electrico,ngk,134000,,130,12,4.2,146,1,Cantidad=4 unidades|Electrodo=Iridio|Aplicacion=Toyota Corolla / Toyota Yaris|Referencia OEM=04465-02AD0
p-0379,DEN-AD0379,04465-60AD0,Bujias de iridio juego x4 Toyota Prado,"Electrodo central de iridio de 0,6 mm. Encendido mas estable y hasta 100.000 km de vida util.",electrico,denso,144000,,122,12,4.3,160,0,Cantidad=4 unidades|Electrodo=Iridio|Aplicacion=Toyota Prado|Referencia OEM=04465-60AD0
p-0380,BOS-AD0380,20911AD0,Bujias de iridio juego x4 Chevrolet Captiva,"Electrodo central de iridio de 0,6 mm. Encendido mas estable y hasta 100.000 km de vida util.",electrico,bosch,245000,,104,12,4.1,24,0,Cantidad=4 unidades|Electrodo=Iridio|Aplicacion=Chevrolet Captiva|Referencia OEM=20911AD0
p-0381,VAL-AE0381,95priorityAE0,Motor de arranque Chevrolet Spark GT / Chevrolet Sail,Arranque reductor con solenoide nuevo y bendix reforzado. Menor consumo de corriente al arrancar.,electrico,valeo,791000,1019000,5,24,4.9,202,0,Voltaje=12 V|Rotacion=Horaria|Aplicacion=Chevrolet Spark GT / Chevrolet Sail|Referencia OEM=95priorityAE0
p-0382,BOS-AE0382,410605AE0,Motor de arranque Renault Logan / Renault Sandero,Arranque reductor con solenoide nuevo y bendix reforzado. Menor consumo de corriente al arrancar.,electrico,bosch,1086000,,85,24,4.9,61,0,Voltaje=12 V|Rotacion=Horaria|Aplicacion=Renault Logan / Renault Sandero|Referencia OEM=410605AE0
p-0383,BOS-AE0383,D1060-1HAE0,Motor de arranque Nissan Versa / Nissan March,Arranque reductor con solenoide nuevo y bendix reforzado. Menor consumo de corriente al arrancar.,electrico,bosch,689000,,58,24,4.7,143,0,Voltaje=12 V|Rotacion=Horaria|Aplicacion=Nissan Versa / Nissan March|Referencia OEM=D1060-1HAE0
p-0384,DEN-AE0384,04465-02AE0,Motor de arranque Toyota Corolla / Toyota Yaris,Arranque reductor con solenoide nuevo y bendix reforzado. Menor consumo de corriente al arrancar.,electrico,denso,1122000,,73,24,4.5,80,0,Voltaje=12 V|Rotacion=Horaria|Aplicacion=Toyota Corolla / Toyota Yaris|Referencia OEM=04465-02AE0
p-0385,VAL-AE0385,58101-D3AE0,Motor de arranque Hyundai Tucson / Kia Sportage,Arranque reductor con solenoide nuevo y bendix reforzado. Menor consumo de corriente al arrancar.,electrico,valeo,879000,1029000,0,24,4.5,29,0,Voltaje=12 V|Rotacion=Horaria|Aplicacion=Hyundai Tucson / Kia Sportage|Referencia OEM=58101-D3AE0
p-0386,DEN-AE0386,410601AE0,Motor de arranque Renault Duster,Arranque reductor con solenoide nuevo y bendix reforzado. Menor consumo de corriente al arrancar.,electrico,denso,655000,,45,24,4.2,9,1,Voltaje=12 V|Rotacion=Horaria|Aplicacion=Renault Duster|Referencia OEM=410601AE0
p-0387,DEN-AE0387,BHY1-33-28AE0,Motor de arranque Mazda Mazda 3 / Mazda Mazda 2,Arranque reductor con solenoide nuevo y bendix reforzado. Menor consumo de corriente al arrancar.,electrico,denso,603000,755000,72,24,4.8,185,0,Voltaje=12 V|Rotacion=Horaria|Aplicacion=Mazda Mazda 3 / Mazda Mazda 2|Referencia OEM=BHY1-33-28AE0
p-0388,VAL-AE0388,5U0698151AE0,Motor de arranque Volkswagen Gol / Volkswagen Polo,Arranque reductor con solenoide nuevo y bendix reforzado. Menor consumo de corriente al arrancar.,electrico,valeo,942000,,23,24,4.4,206,0,Voltaje=12 V|Rotacion=Horaria|Aplicacion=Volkswagen Gol / Volkswagen Polo|Referencia OEM=5U0698151AE0
p-0389,VAL-AE0389,58101-1RAE0,Motor de arranque Hyundai Accent / Kia Rio,Arranque reductor con solenoide nuevo y bendix reforzado. Menor consumo de corriente al arrancar.,electrico,valeo,1030000,1297000,111,24,4.3,114,0,Voltaje=12 V|Rotacion=Horaria|Aplicacion=Hyundai Accent / Kia Rio|Referencia OEM=58101-1RAE0
p-0390,VAL-AE0390,D1060-4EAE0,Motor de arranque Nissan Qashqai,Arranque reductor con solenoide nuevo y bendix reforzado. Menor consumo de corriente al arrancar.,electrico,valeo,1113000,,45,24,4.7,24,0,Voltaje=12 V|Rotacion=Horaria|Aplicacion=Nissan Qashqai|Referencia OEM=D1060-4EAE0
p-0391,DEL-AF0391,95priorityAF0,Bobina de encendido Chevrolet Spark GT / Chevrolet Sail,Bobina tipo lapiz con aislamiento epoxico. Corrige fallos de encendido y codigos P0300.,electrico,delphi,224000,,74,12,4.8,68,0,Tipo=Lapiz|Voltaje primario=12 V|Aplicacion=Chevrolet Spark GT / Chevrolet Sail|Referencia OEM=95priorityAF0
p-0392,BOS-AF0392,410601AF0,Bobina de encendido Renault Duster,Bobina tipo lapiz con aislamiento epoxico. Corrige fallos de encendido y codigos P0300.,electrico,bosch,143000,,12,12,4.7,123,0,Tipo=Lapiz|Voltaje primario=12 V|Aplicacion=Renault Duster|Referencia OEM=410601AF0
p-0393,DEN-AF0393,20911AF0,Bobina de encendido Chevrolet Captiva,Bobina tipo lapiz con aislamiento epoxico. Corrige fallos de encendido y codigos P0300.,electrico,denso,218000,261000,81,12,4.9,272,0,Tipo=Lapiz|Voltaje primario=12 V|Aplicacion=Chevrolet Captiva|Referencia OEM=20911AF0
p-0394,BOS-AF0394,42707AF0,Bobina de encendido Chevrolet Onix / Chevrolet Tracker,Bobina tipo lapiz con aislamiento epoxico. Corrige fallos de encendido y codigos P0300.,electrico,bosch,128000,146000,127,12,4.8,83,0,Tipo=Lapiz|Voltaje primario=12 V|Aplicacion=Chevrolet Onix / Chevrolet Tracker|Referencia OEM=42707AF0
p-0395,DEL-AF0395,5U0698151AF0,Bobina de encendido Volkswagen Gol / Volkswagen Polo,Bobina tipo lapiz con aislamiento epoxico. Corrige fallos de encendido y codigos P0300.,electrico,delphi,115000,,3,12,4.5,277,0,Tipo=Lapiz|Voltaje primario=12 V|Aplicacion=Volkswagen Gol / Volkswagen Polo|Referencia OEM=5U0698151AF0
p-0396,BOS-AF0396,58302-B4AF0,Bobina de encendido Hyundai i10 / Kia Picanto,Bobina tipo lapiz con aislamiento epoxico. Corrige fallos de encendido y codigos P0300.,electrico,bosch,228000,,138,12,4.4,209,0,Tipo=Lapiz|Voltaje primario=12 V|Aplicacion=Hyundai i10 / Kia Picanto|Referencia OEM=58302-B4AF0
p-0397,DEL-AF0397,1848120AF0,Bobina de encendido Ford Fiesta,Bobina tipo lapiz con aislamiento epoxico. Corrige fallos de encendido y codigos P0300.,electrico,delphi,122000,,75,12,4.6,280,0,Tipo=Lapiz|Voltaje primario=12 V|Aplicacion=Ford Fiesta|Referencia OEM=1848120AF0
p-0398,DEL-AF0398,55810-61MAF0,Bobina de encendido Suzuki Swift / Suzuki Vitara,Bobina tipo lapiz con aislamiento epoxico. Corrige fallos de encendido y codigos P0300.,electrico,delphi,130000,154000,4,12,4.2,82,0,Tipo=Lapiz|Voltaje primario=12 V|Aplicacion=Suzuki Swift / Suzuki Vitara|Referencia OEM=55810-61MAF0
p-0399,DEN-AF0399,BHY1-33-28AF0,Bobina de encendido Mazda Mazda 3 / Mazda Mazda 2,Bobina tipo lapiz con aislamiento epoxico. Corrige fallos de encendido y codigos P0300.,electrico,denso,225000,,15,12,4.2,121,0,Tipo=Lapiz|Voltaje primario=12 V|Aplicacion=Mazda Mazda 3 / Mazda Mazda 2|Referencia OEM=BHY1-33-28AF0
p-0400,BOS-AF0400,D1060-4EAF0,Bobina de encendido Nissan Qashqai,Bobina tipo lapiz con aislamiento epoxico. Corrige fallos de encendido y codigos P0300.,electrico,bosch,100000,,64,12,4.5,249,0,Tipo=Lapiz|Voltaje primario=12 V|Aplicacion=Nissan Qashqai|Referencia OEM=D1060-4EAF0
p-0401,DEL-AF0401,04465-02AF0,Bobina de encendido Toyota Corolla / Toyota Yaris,Bobina tipo lapiz con aislamiento epoxico. Corrige fallos de encendido y codigos P0300.,electrico,delphi,222000,,1,12,4.3,203,0,Tipo=Lapiz|Voltaje primario=12 V|Aplicacion=Toyota Corolla / Toyota Yaris|Referencia OEM=04465-02AF0
p-0402,BOS-AF0402,04465-0KAF0,Bobina de encendido Toyota Hilux / Ford Ranger,Bobina tipo lapiz con aislamiento epoxico. Corrige fallos de encendido y codigos P0300.,electrico,bosch,192000,,84,12,4.4,170,0,Tipo=Lapiz|Voltaje primario=12 V|Aplicacion=Toyota Hilux / Ford Ranger|Referencia OEM=04465-0KAF0
p-0403,DEN-AF0403,1857858AF0,Bobina de encendido Ford Escape,Bobina tipo lapiz con aislamiento epoxico. Corrige fallos de encendido y codigos P0300.,electrico,denso,164000,,0,12,4.3,319,0,Tipo=Lapiz|Voltaje primario=12 V|Aplicacion=Ford Escape|Referencia OEM=1857858AF0
p-0404,PHI-AG0404,58302-B4AG0,Juego de bombillos halogenos Hyundai i10 / Kia Picanto,Par de bombillos con 30 % mas de luz que un halogeno estandar. Luz blanca calida homologada.,electrico,philips,76000,,74,6,4.9,227,0,Cantidad=2 unidades|Voltaje=12 V|Aplicacion=Hyundai i10 / Kia Picanto|Referencia OEM=58302-B4AG0
p-0405,BOS-AG0405,5U0698151AG0,Juego de bombillos halogenos Volkswagen Gol / Volkswagen Polo,Par de bombillos con 30 % mas de luz que un halogeno estandar. Luz blanca calida homologada.,electrico,bosch,96000,,1,6,4.5,95,0,Cantidad=2 unidades|Voltaje=12 V|Aplicacion=Volkswagen Gol / Volkswagen Polo|Referencia OEM=5U0698151AG0
p-0406,BOS-AG0406,58101-3XAG0,Juego de bombillos halogenos Hyundai Elantra / Kia Cerato,Par de bombillos con 30 % mas de luz que un halogeno estandar. Luz blanca calida homologada.,electrico,bosch,120000,144000,86,6,4.7,205,0,Cantidad=2 unidades|Voltaje=12 V|Aplicacion=Hyundai Elantra / Kia Cerato|Referencia OEM=58101-3XAG0
p-0407,PHI-AG0407,410609AG0,Juego de bombillos halogenos Renault Kwid,Par de bombillos con 30 % mas de luz que un halogeno estandar. Luz blanca calida homologada.,electrico,philips,121000,,3,6,4.2,235,0,Cantidad=2 unidades|Voltaje=12 V|Aplicacion=Renault Kwid|Referencia OEM=410609AG0
p-0408,PHI-AG0408,04465-60AG0,Juego de bombillos halogenos Toyota Prado,Par de bombillos con 30 % mas de luz que un halogeno estandar. Luz blanca calida homologada.,electrico,philips,59000,,93,6,4.7,25,1,Cantidad=2 unidades|Voltaje=12 V|Aplicacion=Toyota Prado|Referencia OEM=04465-60AG0
p-0409,BOS-AG0409,04465-0KAG0,Juego de bombillos halogenos Toyota Hilux / Ford Ranger,Par de bombillos con 30 % mas de luz que un halogeno estandar. Luz blanca calida homologada.,electrico,bosch,67000,,43,6,4.3,118,1,Cantidad=2 unidades|Voltaje=12 V|Aplicacion=Toyota Hilux / Ford Ranger|Referencia OEM=04465-0KAG0
p-0410,PHI-AG0410,58101-D3AG0,Juego de bombillos halogenos Hyundai Tucson / Kia Sportage,Par de bombillos con 30 % mas de luz que un halogeno estandar. Luz blanca calida homologada.,electrico,philips,105000,,16,6,4.4,246,0,Cantidad=2 unidades|Voltaje=12 V|Aplicacion=Hyundai Tucson / Kia Sportage|Referencia OEM=58101-D3AG0
p-0411,BOS-AG0411,95priorityAG0,Juego de bombillos halogenos Chevrolet Spark GT / Chevrolet Sail,Par de bombillos con 30 % mas de luz que un halogeno estandar. Luz blanca calida homologada.,electrico,bosch,145000,,3,6,4.4,174,0,Cantidad=2 unidades|Voltaje=12 V|Aplicacion=Chevrolet Spark GT / Chevrolet Sail|Referencia OEM=95priorityAG0
p-0412,PHI-AG0412,58101-1RAG0,Juego de bombillos halogenos Hyundai Accent / Kia Rio,Par de bombillos con 30 % mas de luz que un halogeno estandar. Luz blanca calida homologada.,electrico,philips,147000,,94,6,4.4,93,0,Cantidad=2 unidades|Voltaje=12 V|Aplicacion=Hyundai Accent / Kia Rio|Referencia OEM=58101-1RAG0
p-0413,BOS-AG0413,1857858AG0,Juego de bombillos halogenos Ford Escape,Par de bombillos con 30 % mas de luz que un halogeno estandar. Luz blanca calida homologada.,electrico,bosch,79000,98000,132,6,4.8,92,0,Cantidad=2 unidades|Voltaje=12 V|Aplicacion=Ford Escape|Referencia OEM=1857858AG0
p-0414,PHI-AG0414,20911AG0,Juego de bombillos halogenos Chevrolet Captiva,Par de bombillos con 30 % mas de luz que un halogeno estandar. Luz blanca calida homologada.,electrico,philips,106000,,121,6,4.1,72,0,Cantidad=2 unidades|Voltaje=12 V|Aplicacion=Chevrolet Captiva|Referencia OEM=20911AG0
p-0415,PHI-AG0415,04465-02AG0,Juego de bombillos halogenos Toyota Corolla / Toyota Yaris,Par de bombillos con 30 % mas de luz que un halogeno estandar. Luz blanca calida homologada.,electrico,philips,52000,,136,6,4.8,143,0,Cantidad=2 unidades|Voltaje=12 V|Aplicacion=Toyota Corolla / Toyota Yaris|Referencia OEM=04465-02AG0
p-0416,SHE-AH0416,1848120AH0,Aceite sintetico 5W-30 API SP 4 L Ford Fiesta,Aceite 100 % sintetico con proteccion contra LSPI. Intervalos de cambio de hasta 10.000 km.,lubricantes,shell,255000,,138,0,4.1,132,0,Viscosidad=5W-30|Contenido=4 L|Base=100 % sintetica|Aplicacion=Ford Fiesta|Referencia OEM=1848120AH0
p-0417,MOB-AH0417,55810-61MAH0,Aceite sintetico 5W-30 API SP 4 L Suzuki Swift / Suzuki Vitara,Aceite 100 % sintetico con proteccion contra LSPI. Intervalos de cambio de hasta 10.000 km.,lubricantes,mobil,240000,,99,0,4.8,255,0,Viscosidad=5W-30|Contenido=4 L|Base=100 % sintetica|Aplicacion=Suzuki Swift / Suzuki Vitara|Referencia OEM=55810-61MAH0
p-0418,CAS-AH0418,BHY1-33-28AH0,Aceite sintetico 5W-30 API SP 4 L Mazda Mazda 3 / Mazda Mazda 2,Aceite 100 % sintetico con proteccion contra LSPI. Intervalos de cambio de hasta 10.000 km.,lubricantes,castrol,224000,,45,0,4.3,78,0,Viscosidad=5W-30|Contenido=4 L|Base=100 % sintetica|Aplicacion=Mazda Mazda 3 / Mazda Mazda 2|Referencia OEM=BHY1-33-28AH0
p-0419,CAS-AH0419,5U0698151AH0,Aceite sintetico 5W-30 API SP 4 L Volkswagen Gol / Volkswagen Polo,Aceite 100 % sintetico con proteccion contra LSPI. Intervalos de cambio de hasta 10.000 km.,lubricantes,castrol,158000,,68,0,4.5,8,0,Viscosidad=5W-30|Contenido=4 L|Base=100 % sintetica|Aplicacion=Volkswagen Gol / Volkswagen Polo|Referencia OEM=5U0698151AH0
p-0420,CAS-AH0420,D1060-1HAH0,Aceite sintetico 5W-30 API SP 4 L Nissan Versa / Nissan March,Aceite 100 % sintetico con proteccion contra LSPI. Intervalos de cambio de hasta 10.000 km.,lubricantes,castrol,245000,,109,0,4.7,312,0,Viscosidad=5W-30|Contenido=4 L|Base=100 % sintetica|Aplicacion=Nissan Versa / Nissan March|Referencia OEM=D1060-1HAH0
p-0421,VLV-AI0421,1857858AI0,Aceite semisintetico 10W-40 4 L Ford Escape,Tecnologia de doble accion que limpia los lodos existentes y evita que se vuelvan a formar.,lubricantes,valvoline,165000,,70,0,4.3,234,0,Viscosidad=10W-40|Contenido=4 L|Base=Semisintetica|Aplicacion=Ford Escape|Referencia OEM=1857858AI0
p-0422,SHE-AI0422,58302-B4AI0,Aceite semisintetico 10W-40 4 L Hyundai i10 / Kia Picanto,Tecnologia de doble accion que limpia los lodos existentes y evita que se vuelvan a formar.,lubricantes,shell,149000,,6,0,4.3,96,1,Viscosidad=10W-40|Contenido=4 L|Base=Semisintetica|Aplicacion=Hyundai i10 / Kia Picanto|Referencia OEM=58302-B4AI0
p-0423,SHE-AI0423,04465-02AI0,Aceite semisintetico 10W-40 4 L Toyota Corolla / Toyota Yaris,Tecnologia de doble accion que limpia los lodos existentes y evita que se vuelvan a formar.,lubricantes,shell,149000,,53,0,4.4,112,0,Viscosidad=10W-40|Contenido=4 L|Base=Semisintetica|Aplicacion=Toyota Corolla / Toyota Yaris|Referencia OEM=04465-02AI0
p-0424,VLV-AI0424,42707AI0,Aceite semisintetico 10W-40 4 L Chevrolet Onix / Chevrolet Tracker,Tecnologia de doble accion que limpia los lodos existentes y evita que se vuelvan a formar.,lubricantes,valvoline,112000,127000,38,0,4.8,277,0,Viscosidad=10W-40|Contenido=4 L|Base=Semisintetica|Aplicacion=Chevrolet Onix / Chevrolet Tracker|Referencia OEM=42707AI0
p-0425,VLV-AI0425,95priorityAI0,Aceite semisintetico 10W-40 4 L Chevrolet Spark GT / Chevrolet Sail,Tecnologia de doble accion que limpia los lodos existentes y evita que se vuelvan a formar.,lubricantes,valvoline,95000,,17,0,4.3,78,0,Viscosidad=10W-40|Contenido=4 L|Base=Semisintetica|Aplicacion=Chevrolet Spark GT / Chevrolet Sail|Referencia OEM=95priorityAI0
p-0426,MOB-AJ0426,410605AJ0,Aceite diesel 15W-40 CK-4 5 L Renault Logan / Renault Sandero,Formulado para motores diesel con filtro de particulas. Controla el hollin y protege los aros.,lubricantes,mobil,177000,,66,0,4.8,265,0,Viscosidad=15W-40|Contenido=5 L|Norma=API CK-4|Aplicacion=Renault Logan / Renault Sandero|Referencia OEM=410605AJ0
p-0427,VLV-AJ0427,1857858AJ0,Aceite diesel 15W-40 CK-4 5 L Ford Escape,Formulado para motores diesel con filtro de particulas. Controla el hollin y protege los aros.,lubricantes,valvoline,225000,,4,0,4.1,134,0,Viscosidad=15W-40|Contenido=5 L|Norma=API CK-4|Aplicacion=Ford Escape|Referencia OEM=1857858AJ0
p-0428,VLV-AJ0428,04465-0KAJ0,Aceite diesel 15W-40 CK-4 5 L Toyota Hilux / Ford Ranger,Formulado para motores diesel con filtro de particulas. Controla el hollin y protege los aros.,lubricantes,valvoline,282000,,107,0,4.2,262,0,Viscosidad=15W-40|Contenido=5 L|Norma=API CK-4|Aplicacion=Toyota Hilux / Ford Ranger|Referencia OEM=04465-0KAJ0
p-0429,SHE-AJ0429,04465-02AJ0,Aceite diesel 15W-40 CK-4 5 L Toyota Corolla / Toyota Yaris,Formulado para motores diesel con filtro de particulas. Controla el hollin y protege los aros.,lubricantes,shell,212000,259000,27,0,4.9,212,0,Viscosidad=15W-40|Contenido=5 L|Norma=API CK-4|Aplicacion=Toyota Corolla / Toyota Yaris|Referencia OEM=04465-02AJ0
p-0430,SHE-AK0430,58101-D3AK0,Refrigerante organico listo para usar 4 L Hyundai Tucson / Kia Sportage,"Refrigerante organico de larga duracion, listo para usar. Protege contra corrosion hasta 5 anos.",lubricantes,shell,97000,,3,0,4.3,278,0,Tipo=OAT|Contenido=4 L|Dilucion=Listo para usar|Aplicacion=Hyundai Tucson / Kia Sportage|Referencia OEM=58101-D3AK0
p-0431,VLV-AK0431,410609AK0,Refrigerante organico listo para usar 4 L Renault Kwid,"Refrigerante organico de larga duracion, listo para usar. Protege contra corrosion hasta 5 anos.",lubricantes,valvoline,71000,,3,0,4.1,75,0,Tipo=OAT|Contenido=4 L|Dilucion=Listo para usar|Aplicacion=Renault Kwid|Referencia OEM=410609AK0
p-0432,LQM-AK0432,BHY1-33-28AK0,Refrigerante organico listo para usar 4 L Mazda Mazda 3 / Mazda Mazda 2,"Refrigerante organico de larga duracion, listo para usar. Protege contra corrosion hasta 5 anos.",lubricantes,liquimoly,81000,94000,47,0,4.3,216,0,Tipo=OAT|Contenido=4 L|Dilucion=Listo para usar|Aplicacion=Mazda Mazda 3 / Mazda Mazda 2|Referencia OEM=BHY1-33-28AK0
p-0433,LQM-AK0433,410601AK0,Refrigerante organico listo para usar 4 L Renault Duster,"Refrigerante organico de larga duracion, listo para usar. Protege contra corrosion hasta 5 anos.",lubricantes,liquimoly,52000,60000,98,0,4.5,248,0,Tipo=OAT|Contenido=4 L|Dilucion=Listo para usar|Aplicacion=Renault Duster|Referencia OEM=410601AK0
p-0434,LQM-AL0434,42707AL0,Aceite de caja 75W-90 GL-5 1 L Chevrolet Onix / Chevrolet Tracker,Lubricante de engranajes de presion extrema. Mejora el cambio de marchas en frio y reduce el ruido.,lubricantes,liquimoly,85000,,3,0,4.4,44,0,Viscosidad=75W-90|Norma=API GL-5|Contenido=1 L|Aplicacion=Chevrolet Onix / Chevrolet Tracker|Referencia OEM=42707AL0
p-0435,CAS-AL0435,1848120AL0,Aceite de caja 75W-90 GL-5 1 L Ford Fiesta,Lubricante de engranajes de presion extrema. Mejora el cambio de marchas en frio y reduce el ruido.,lubricantes,castrol,72000,,76,0,4.8,231,0,Viscosidad=75W-90|Norma=API GL-5|Contenido=1 L|Aplicacion=Ford Fiesta|Referencia OEM=1848120AL0
p-0436,CAS-AL0436,58101-1RAL0,Aceite de caja 75W-90 GL-5 1 L Hyundai Accent / Kia Rio,Lubricante de engranajes de presion extrema. Mejora el cambio de marchas en frio y reduce el ruido.,lubricantes,castrol,43000,53000,73,0,4.7,285,0,Viscosidad=75W-90|Norma=API GL-5|Contenido=1 L|Aplicacion=Hyundai Accent / Kia Rio|Referencia OEM=58101-1RAL0
p-0437,CAS-AL0437,58302-B4AL0,Aceite de caja 75W-90 GL-5 1 L Hyundai i10 / Kia Picanto,Lubricante de engranajes de presion extrema. Mejora el cambio de marchas en frio y reduce el ruido.,lubricantes,castrol,87000,,76,0,4.8,179,0,Viscosidad=75W-90|Norma=API GL-5|Contenido=1 L|Aplicacion=Hyundai i10 / Kia Picanto|Referencia OEM=58302-B4AL0
p-0438,CAS-AM0438,58101-D3AM0,Limpiador de inyectores 300 ml Hyundai Tucson / Kia Sportage,Aditivo que disuelve depositos en inyectores y valvulas. Se agrega al tanque cada 2.000 km.,lubricantes,castrol,73000,,9,0,4.2,199,0,Contenido=300 ml|Aplicacion=Hyundai Tucson / Kia Sportage|Referencia OEM=58101-D3AM0
p-0439,VLV-AM0439,58302-B4AM0,Limpiador de inyectores 300 ml Hyundai i10 / Kia Picanto,Aditivo que disuelve depositos en inyectores y valvulas. Se agrega al tanque cada 2.000 km.,lubricantes,valvoline,53000,,2,0,4.7,33,0,Contenido=300 ml|Aplicacion=Hyundai i10 / Kia Picanto|Referencia OEM=58302-B4AM0
p-0440,VLV-AM0440,1857858AM0,Limpiador de inyectores 300 ml Ford Escape,Aditivo que disuelve depositos en inyectores y valvulas. Se agrega al tanque cada 2.000 km.,lubricantes,valvoline,63000,77000,75,0,4.4,144,0,Contenido=300 ml|Aplicacion=Ford Escape|Referencia OEM=1857858AM0
p-0441,VLV-AM0441,1848120AM0,Limpiador de inyectores 300 ml Ford Fiesta,Aditivo que disuelve depositos en inyectores y valvulas. Se agrega al tanque cada 2.000 km.,lubricantes,valvoline,33000,,0,0,4.1,72,0,Contenido=300 ml|Aplicacion=Ford Fiesta|Referencia OEM=1848120AM0
